amenity,lat,lon,name,tags,timestamp
dentist,49.2617216,-123.07002879999999,A & B 2 Dental Clinic,"{'opening_hours': 'Mo-Fr 11:00-18:00; Sa 10:00-16:00', 'addr:housenumber': '2561', 'addr:street': 'Commercial Drive', 'phone': '+1-604-877-0664', 'healthcare': 'dentist'}",2020-05-19T04:34:20.000-07:00
dentist,49.0544972,-122.32132460000001,Dr. Andrew P. Woo Inc.,"{'healthcare:speciality': 'orthodontics', 'description': 'Certified Specialist in Orthodontics', 'healthcare': 'dentist'}",2015-12-21T13:43:36.000-08:00
dentist,49.2666398,-122.7764574,Poco Dental,{'healthcare': 'dentist'},2020-03-10T20:21:55.000-07:00
dentist,49.11760770000001,-122.89074040000001,North Delta Dental,{'healthcare': 'dentist'},2019-10-29T06:36:28.000-07:00
dentist,49.118446500000005,-122.8885875,,"{'healthcare:speciality': 'orthodontics', 'healthcare': 'dentist'}",2019-10-30T04:29:20.000-07:00
dentist,49.1181108,-122.88858870000001,,{'healthcare': 'dentist'},2019-10-30T04:29:20.000-07:00
dentist,49.118368100000005,-122.88856750000001,,{'healthcare': 'dentist'},2019-10-30T04:29:20.000-07:00
dentist,49.1178405,-123.1586045,Chompers Family Dental,{'wheelchair': 'yes'},2013-04-27T03:13:22.000-07:00
dentist,49.23296320000001,-123.0163152,Isaa Memisevic Denturist,"{'addr:housenumber': '3983', 'website': 'https://www.isaamemisevicdenturist.com/', 'phone': '+1-604-336-4155', 'healthcare:speciality': 'denturist', 'opening_hours': 'Mo-Sa 09:00-18:00', 'addr:street': 'Kingsway', 'addr:postcode': 'V5H 1Y7', 'healthcare': 'dentist', 'addr:city': 'Burnaby'}",2019-05-27T03:58:23.000-07:00
dentist,49.296246000000004,-122.80356359999999,Plateau Village Dental Centre,{'healthcare': 'dentist'},2019-08-15T00:25:19.000-07:00
dentist,49.2746225,-123.12398200000001,Homer Dental Centre,"{'addr:housenumber': '1258', 'addr:street': 'Homer Street', 'healthcare': 'dentist', 'addr:city': 'Vancouver'}",2019-09-13T13:56:58.000-07:00
dentist,49.1056744,-122.8003366,Southridge Dental - Family & Cosmetic Dentistry,"{'website': 'https://www.southridgedental.ca/', 'payment:credit_cards': 'yes', 'addr:postcode': 'V3S 3K2', 'addr:unit': '#103', 'operator': 'San Bhatha, DDS', 'addr:city': 'Surrey', 'addr:housenumber': '5680', 'phone': '+1-604-575-1555', 'payment:financing': 'yes', 'healthcare:speciality': 'dentist;dentistry', 'opening_hours': 'Mo,We,Fr 08:30-16:00; Tu,Th 08:30-19:00; Sa 08:00-16:00', 'addr:street': '152 Street', 'payment:debit_cards': 'yes'}",2020-01-05T23:11:05.000-08:00
dentist,49.102744799999996,-122.72977820000001,,{'healthcare': 'dentist'},2019-10-27T07:57:04.000-07:00
dentist,49.052239,-122.3254857,Smile Care Dental Center,"{'addr:housenumber': '32465', 'website': 'https://www.abbysmilecare.com', 'phone': '+1-604-744-2262', 'addr:street': 'South Fraser Way', 'addr:unit': '3', 'healthcare': 'dentist'}",2019-11-10T17:17:27.000-08:00
dentist,49.2436529,-122.89298670000001,Four Seasons Dental Care,"{'alt_name': 'Dr. David Huh', 'website': 'http://www.fourseasonsdental.com/', 'phone': '+1-604-444-5155', 'level': '3'}",2018-10-26T20:30:07.000-07:00
dentist,49.2251592,-122.9993965,Vancouver Centre for Cosmetic & Implant Dentistry,"{'level': '1', 'healthcare': 'dentist'}",2019-05-27T03:58:16.000-07:00
dentist,49.2595286,-123.0445979,Renfrew Station Dental Clinic,"{'owner': 'Dr. Marianna Klimek', 'addr:housenumber': '2685', 'phone': '+1-604-876-5678'}",2018-06-14T08:02:56.000-07:00
dentist,49.0408566,-122.29436340000001,Simply Dentures,"{'description': 'denturist', 'shop': 'dentures', 'level': '4', 'addr:unit': '405'}",2018-04-04T18:01:22.000-07:00
dentist,49.0570279,-122.3147854,Blossom Dental Care,"{'addr:housenumber': '3020', 'addr:street': 'Gladwin Road', 'level': '0', 'addr:unit': '100', 'healthcare': 'dentist'}",2019-10-29T07:10:25.000-07:00
dentist,49.135725,-122.33307830000001,Abacus Dental Centre,{'healthcare': 'dentist'},2019-05-27T21:44:12.000-07:00
dentist,49.2114562,-122.91838870000001,Henry Ng Denturist,"{'phone': '+1-604-522-1848', 'source': 'gps/photo survey'}",2018-10-26T20:29:56.000-07:00
dentist,49.211625,-122.9190048,Jeff Malcolm Denturist,"{'addr:housenumber': '611', 'addr:street': '5th Avenue', 'source': 'gps/photo survey'}",2010-10-22T23:18:19.000-07:00
dentist,49.2104112,-122.9166169,Dr. Jill Turney,{'phone': '+1-604-524-8838'},2018-10-26T20:29:58.000-07:00
dentist,49.2123726,-122.9191212,Artis,"{'phone': '+1-604-524-0800', 'healthcare': 'dentist'}",2019-07-02T01:10:30.000-07:00
dentist,49.2135508,-122.92055520000001,Dr. D. Lovely & Associates,"{'addr:housenumber': '609', 'addr:street': '6th Street'}",2010-10-23T17:08:52.000-07:00
dentist,49.1374528,-122.89092990000002,,{'healthcare': 'dentist'},2019-06-26T07:37:24.000-07:00
dentist,49.247102000000005,-123.06978229999999,Karma Dental,"{'addr:housenumber': '1710', 'addr:street': 'Kingsway', 'entrance': 'yes', 'healthcare': 'dentist'}",2019-08-05T07:35:20.000-07:00
dentist,49.1206348,-122.89170279999999,,{'healthcare': 'dentist'},2019-08-18T05:55:49.000-07:00
dentist,49.0543778,-122.3213094,Garden Dental Centre,"{'healthcare:speciality': 'general', 'description': 'Dr. Jack Walls Inc.;Dr. Catherine Walls', 'healthcare': 'dentist'}",2015-12-21T13:43:35.000-08:00
dentist,49.1192001,-122.6707415,Amazing Smile Dental,"{'addr:housenumber': '19909', 'phone': '+1-604-514-7588', 'addr:street': '64 Avenue', 'addr:postcode': 'V2Y 1G9', 'addr:unit': '105', 'healthcare': 'dentist'}",2018-05-16T22:30:00.000-07:00
dentist,49.2330045,-123.0160315,ARTA Dental,"{'addr:housenumber': '3999', 'phone': '+1-604-670-7688', 'addr:street': 'Kingsway', 'addr:postcode': 'V5H 1Y8', 'healthcare': 'dentist', 'addr:city': 'Burnaby'}",2019-05-27T03:58:23.000-07:00
dentist,49.2831174,-123.1165348,Granville Station Dental,"{'addr:housenumber': '678', 'level': '-1', 'addr:street': 'Dunsmuir Street', 'addr:postcode': 'V6B 1N3', 'addr:unit': '70', 'healthcare': 'dentist', 'addr:city': 'Vancouver'}",2019-12-07T03:18:49.000-08:00
dentist,49.0526316,-122.32614709999999,Dental Clinic,"{'operator': 'Drs. Dragomir-Ene Inc.', 'healthcare': 'dentist'}",2015-12-09T05:24:11.000-08:00
dentist,49.27856679999999,-122.80670559999999,Creekside Dental,{'healthcare': 'dentist'},2020-01-17T07:59:42.000-08:00
dentist,49.2320502,-123.025718,Happy Family Dental Centre,"{'addr:housenumber': '3638', 'addr:street': 'Kingsway', 'phone': '+1 604-336-2050', 'healthcare': 'dentist'}",2019-11-30T20:36:31.000-08:00
dentist,49.0533035,-122.3383538,Profile Periodontics and Dental Implants,"{'alt_name': 'Siora Dental Clinic', 'website': 'https://www.abbotsfordperiodontist.ca/', 'phone': '+1-604-755-3366', 'healthcare:speciality': 'periodontics', 'addr:unit': '104A', 'healthcare': 'dentist'}",2019-02-19T07:38:42.000-08:00
dentist,49.0533035,-122.33832679999999,Valley Periodontics and Dental Implants,"{'healthcare:speciality': 'periodontics', 'phone': '+1-604-755-3354', 'addr:unit': '104B', 'healthcare': 'dentist'}",2018-10-26T20:30:36.000-07:00
dentist,49.280204100000006,-122.8281539,Inspire Dental,"{'contact:youtube': 'https://www.youtube.com/user/InspireDentalGroup', 'contact:facebook': 'https://www.facebook.com/Inspire-Dental-Group-250888378295715/', 'website': 'https://www.inspiredentalportmoody.ca/', 'addr:postcode': 'V3H 0E3', 'contact:linkedin': 'https://www.linkedin.com/company/inspire-dental-group', 'addr:unit': '528', 'operator': 'Inspire Dental Group Port Moody', 'healthcare': 'dentist', 'addr:city': 'Port Moody', 'addr:housenumber': '130', 'phone': '+1-604-469-6636', 'healthcare:speciality': 'periodontics;endodontics;teeth_whitening;prventative_care;restorative_dentistry;dental_implants;Orthodontics;Invisalign', 'opening_hours': 'Mo 08:00-16:00, Tu-We 11:00-19:00, Th 09:00-17:00, Fr 08:30-16:30, Sa 08:30-13:30', 'addr:street': 'Brew Street', 'email': 'requestinfo@inspiredentalmetrotown.ca', 'contact:twitter': 'https://twitter.com/InspireDentist'}",2020-03-04T03:19:37.000-08:00
dentist,49.225552,-122.99176920000001,Inspire Dental Group Metrotown,"{'contact:facebook': 'https://www.facebook.com/Inspire-Dental-Group-250888378295715/', 'website': 'http://www.inspiredentalmetrotown.ca/', 'addr:postcode': 'V5H 4C2', 'contact:linkedin': 'https://www.linkedin.com/company/inspire-dental-group', 'addr:unit': '411', 'operator': 'Inspire Dental Group Metrotown', 'healthcare': 'dentist', 'addr:city': 'Burnaby', 'addr:housenumber': '5050', 'phone': '+1-604-430-3117', 'healthcare:speciality': 'Preventative_Care;Restorative_Dentistry;Teeth_Whitening;Periodontics;Endodontics;Dental_Implants;Orthodontics;Invisalign', 'opening_hours': 'Mo-We 08:00-16:00; Th 11:00-19:00', 'addr:street': 'Kingsway', 'email': 'requestinfo@inspiredentalmetrotown.ca', 'contact:twitter': 'https://twitter.com/InspireDentist'}",2020-03-04T03:19:37.000-08:00
dentist,49.1837555,-122.8435071,Inspire Dental Group Surrey Central,"{'contact:youtube': 'https://www.youtube.com/user/InspireDentalGroup', 'contact:facebook': 'https://www.facebook.com/Inspire-Dental-Group-250888378295715/', 'website': 'https://www.inspiredentalsurreycentral.ca/', 'addr:postcode': 'V3T 0H2', 'contact:linkedin': 'https://www.linkedin.com/company/inspire-dental-group', 'addr:unit': '101', 'operator': 'Inspire Dental Group Surrey Central', 'healthcare': 'dentist', 'addr:city': 'Surrey', 'addr:housenumber': '13678', 'phone': '+1-604-674-4000', 'healthcare:speciality': 'Preventative_Care;Restorative_Dentistry;Teeht_Whitening;Periodontics;Endodontics;Dental_Implants;Orthodontics;Invisalign', 'opening_hours': 'Mo 08:00-16:00; Tu 08:00-19:00; We-Th 08:00-16:00; Fr 08:00-13:00; Sa 08:30-13:30', 'addr:street': '100 Avenue', 'email': 'requestinfo@inspiredentalsurreycentral.ca', 'contact:twitter': 'https://twitter.com/InspireDentist'}",2020-03-14T05:42:10.000-07:00
dentist,49.0851794,-123.06463980000001,,{'healthcare': 'dentist'},2019-08-20T07:15:55.000-07:00
dentist,49.1555637,-122.91357749999999,Serena Dental Centre,{},2017-05-30T01:28:20.000-07:00
dentist,49.1545999,-122.91151979999998,Nordel Dental Clinic,{},2017-05-30T02:06:53.000-07:00
dentist,49.0421938,-122.2787072,Refine Orthodontics,"{'healthcare:speciality': 'orthodontics', 'website': 'https://www.refineorthodontics.ca/', 'healthcare': 'dentist'}",2019-03-07T20:30:46.000-08:00
dentist,49.1862873,-122.7997494,Dr. Daniel de jesus,"{'phone': '+1-604-588-6575', 'healthcare': 'dentist'}",2019-10-29T18:02:14.000-07:00
dentist,49.2006345,-122.98110459999998,,{'healthcare': 'dentist'},2019-07-02T01:21:58.000-07:00
dentist,49.13237,-122.88998899999999,New Smile Dental Group,{'healthcare': 'dentist'},2019-11-24T07:35:44.000-08:00
dentist,49.1023083,-122.65828940000002,Denture Clinic,{'healthcare': 'dentist'},2019-12-19T21:23:25.000-08:00
dentist,49.1182814,-122.80222579999999,Sullivan Medical Dental Clinic,"{'addr:housenumber': '6355', 'addr:street': '152 Street', 'addr:unit': '201', 'healthcare': 'dentist'}",2020-01-11T15:51:19.000-08:00
dentist,49.2106081,-123.130504,Love My Smile,{'healthcare': 'dentist'},2019-05-29T17:48:57.000-07:00
dentist,49.119105100000006,-122.69037990000001,Focal Point Dental,{'healthcare': 'dentist'},2019-11-19T06:01:14.000-08:00
dentist,49.2808906,-123.11694809999999,Vancouver City Centre Dental,{'healthcare': 'dentist'},2019-08-29T17:51:24.000-07:00
dentist,49.2829949,-123.1079392,W Dental,"{'addr:housenumber': '126', 'website': 'http://w-dental.ca', 'addr:street': 'West Cordova Street', 'phone': '+1-604-682-2000', 'healthcare': 'dentist'}",2019-08-29T17:32:53.000-07:00
dentist,49.2740636,-123.12036370000001,AARM Dental Group in Yaletown,"{'addr:housenumber': '1156', 'website': 'https://www.aarm-dental.com', 'phone': '+1-604-629-0336', 'healthcare:speciality': 'dentist', 'opening_hours': 'Mo-Sa 08:00-18:00', 'addr:street': 'Pacific Boulevard', 'operator': 'AARM', 'healthcare': 'dentist', 'addr:city': 'Vancouver'}",2019-09-23T15:35:32.000-07:00
dentist,49.054468,-122.32190020000002,Novo Dental Centre,"{'website': 'https://www.novodentalcentre.com/', 'phone': '+1-604-854-6162', 'healthcare:speciality': 'general', 'opening_hours': 'Mo,Tu,Th,Fr 07:00-16:00; We 07:00-19:00; Sa,Su off', 'addr:unit': '130', 'healthcare': 'dentist'}",2019-09-02T22:08:25.000-07:00
dentist,49.0545027,-122.3219038,Dedicated Dental Care,"{'healthcare:speciality': 'general', 'opening_hours': 'Mo-Fr 08:00-17:00', 'website': 'http://dedicateddentalcare.ca/', 'addr:unit': '140', 'healthcare': 'dentist'}",2017-02-28T22:51:00.000-08:00
dentist,49.0534913,-122.32448070000001,"Dr. A.P. Grewal Inc., B.D.S, D.D.S","{'website': 'http://www.drapgrewal.ca', 'phone': '+1-604-557-1313', 'healthcare:speciality': 'general', 'description': 'Family Dentist', 'addr:unit': '200', 'healthcare': 'dentist'}",2018-02-09T04:59:48.000-08:00
dentist,49.0535467,-122.32447820000002,Clearbrook Denture Clinic,"{'website': 'http://www.clearbrookdentureclinic.ca', 'shop': 'denture', 'phone': '+1-604-746-4644', 'healthcare:speciality': 'denturist', 'addr:unit': '200A', 'healthcare': 'dentist'}",2018-02-09T04:59:48.000-08:00
dentist,49.2662526,-123.0698807,EastVan Dental,"{'addr:housenumber': '2085', 'website': 'https://eastvandental.com/', 'phone': '+1-604-251-4000', 'addr:street': 'Commercial Drive', 'entrance': 'yes', 'healthcare': 'dentist'}",2019-11-14T21:45:57.000-08:00
dentist,49.039353399999996,-122.26886809999999,Willow Dental Care Abbotsford,"{'website': 'https://willowdentalcareabbotsford.com/', 'phone': '+1-604-859-8284', 'healthcare:speciality': 'general', 'opening_hours': 'Mo,Tu,Th,Fr,Sa 09:00-17:00; We 11:00-20:00', 'addr:unit': '301', 'healthcare': 'dentist'}",2019-09-02T22:08:25.000-07:00
dentist,49.1305555,-122.317973,Mission Junction Dental Clinic,"{'internet_access': 'wlan', 'phone': '+1-604-820-2477', 'internet_access:fee': 'no', 'opening_hours': 'Tu-Fr 09:00-17:00; Sa 09:00-14:00', 'addr:unit': '310', 'healthcare': 'dentist'}",2019-09-25T05:40:09.000-07:00
dentist,49.0294239,-123.06839879999998,,{'healthcare': 'dentist'},2019-08-18T11:22:44.000-07:00
dentist,49.3251881,-123.1340203,Park Royal Dental,"{'level': '0', 'healthcare': 'dentist'}",2020-06-21T02:52:38.000-07:00
dentist,49.2340993,-123.11670829999998,Modern Dental,"{'opening_hours': 'Mo-Fr 09:00-18:00; Sa 09:00-17:00', 'addr:housenumber': '5566, Suite 320', 'addr:street': 'West 41st Avenue', 'phone': '+1-604-263-8413', 'healthcare': 'dentist'}",2019-08-29T17:49:06.000-07:00
dentist,49.0522943,-122.31959180000001,Dr. Gary Gill Inc.,"{'healthcare:speciality': 'dental_oral_maxillo_facial_surgery', 'description': 'Oral & Maxillofacial Surgery', 'healthcare': 'dentist'}",2015-05-25T12:00:09.000-07:00
dentist,49.1199653,-122.6919028,Clayton Market Dental,{'healthcare': 'dentist'},2019-10-12T07:31:56.000-07:00
dentist,49.1259089,-122.7013658,,{'healthcare': 'dentist'},2019-10-12T07:57:35.000-07:00
dentist,49.1556139,-122.8901216,,{'healthcare': 'dentist'},2020-06-07T05:19:25.000-07:00
dentist,49.1544338,-122.89088670000001,Delta Dental,{'healthcare': 'dentist'},2020-06-07T05:19:25.000-07:00
dentist,49.1487405,-122.8918594,,{'healthcare': 'dentist'},2020-06-07T04:33:34.000-07:00
dentist,49.1501649,-122.892525,Surdel Dental,{'healthcare': 'dentist'},2020-06-07T04:33:34.000-07:00
dentist,49.1520933,-122.88882109999999,,{'healthcare': 'dentist'},2020-06-07T04:33:34.000-07:00
dentist,49.044385999999996,-122.2217288,Sumas Mountain Village Dental,"{'alt_name': 'Sumas Mountain Dental', 'website': 'https://www.sumasmountaindental.com/', 'phone': '+1-604-853-3305', 'opening_hours': 'Su-Mo off; Tu,Fr,Sa 09:30-17:30; We,Th 11:00-19:00', 'addr:unit': '110', 'healthcare': 'dentist'}",2019-09-02T22:08:25.000-07:00
dentist,49.04861270000001,-122.3114618,7 Oaks Laser Dental Centre,"{'addr:housenumber': '32900', 'website': 'https://www.7oaks-smile.com/', 'phone': '+1-604-870-9838', 'level': '0', 'opening_hours': 'Mo,Tu,Sa 09:30-18:00; We-Fr 09:30-21:00; Su,PH 11:00-18:00', 'indoor': 'yes', 'addr:street': 'South Fraser Way', 'addr:postcode': 'V2S 5A1', 'addr:unit': '328', 'healthcare': 'dentist'}",2019-09-02T22:08:25.000-07:00
dentist,49.0405959,-123.08974979999999,Drs. Mottahed Sahota & Yee,"{'addr:unit': '2206', 'healthcare': 'dentist'}",2020-04-18T23:45:02.000-07:00
dentist,49.0507598,-122.331594,Dr. R. K. Arya (Dentist),"{'healthcare:speciality': 'general', 'website': 'http://Abbotsforddentist.com', 'phone': '+1-604-850-0714', 'addr:unit': '109', 'healthcare': 'dentist'}",2018-06-20T15:11:02.000-07:00
dentist,49.0522927,-122.3192801,Fraser Valley Endodontics,"{'alt_name': 'Dr. Babak Nurbakhsh Inc.', 'website': 'http://www.fraservalleyendo.com', 'phone': '+1-604-851-3333', 'healthcare:speciality': 'endodontics', 'opening_hours': 'Mo-Fr 08:00-17:00; Sa-Su off', 'addr:unit': '302', 'healthcare': 'dentist'}",2019-09-02T22:08:25.000-07:00
dentist,49.0522952,-122.3195242,Kafka Denture Clinic,"{'website': 'http://kafkadentureclinic.com', 'shop': 'denture', 'phone': '+1-604-850-0355', 'healthcare': 'dentist'}",2019-05-27T22:29:25.000-07:00
dentist,49.0492553,-122.2915213,Abbotsford-Fraser Denture Clinic,"{'website': 'https://www.abbotsfordfraserdentureclinic.com', 'shop': 'denture', 'level': '0', 'addr:postcode': 'V2S 3S2', 'operator': 'Boris Eroshevski R.D.', 'healthcare': 'dentist', 'addr:housenumber': '2615', 'phone': '+1-604-859-9921', 'healthcare:speciality': 'denturist', 'opening_hours': 'Mo-Fr 08:00-17:00', 'addr:street': 'Pauline Street', 'entrance': 'yes'}",2019-02-19T15:37:19.000-08:00
dentist,49.227173799999996,-122.9947722,Alpine Dental,"{'opening_hours': 'Mo-Su 10:00-18:00', 'addr:housenumber': '4881', 'addr:street': 'Kingsway', 'phone': '+1-604-437-0655', 'healthcare': 'dentist'}",2019-07-20T19:00:19.000-07:00
dentist,49.28205139999999,-122.7999308,Sunrise Dental,{'healthcare': 'dentist'},2020-01-17T07:59:42.000-08:00
dentist,49.26377960000001,-123.1117514,Renaissance Cosmetic Arts Dental Lab,"{'addr:housenumber': '308', 'addr:street': 'West 8th Avenue', 'addr:postcode': 'V5Y 3X2', 'addr:unit': '204', 'healthcare': 'dentist', 'addr:city': 'Vancouver'}",2019-09-13T13:57:04.000-07:00
dentist,49.250011,-123.0749943,King & Knight Denture Clinic,"{'addr:housenumber': '1435', 'addr:street': 'Kingsway', 'addr:unit': '104', 'healthcare': 'dentist'}",2019-10-16T05:54:08.000-07:00
dentist,49.1322024,-122.8899918,Dr. R. Sidhu Inc,"{'addr:housenumber': '7110', 'website': 'https://www.dentistsinsurrey.ca/', 'phone': '+1-604-543-5060', 'facebook': 'https://www.facebook.com/Dr-R-Sidhu-DDS-Associate-208090539216479', 'addr:street': '120 St', 'addr:postcode': 'V3W 3M8', 'addr:unit': '#215', 'start_date': '1998', 'healthcare': 'dentist', 'addr:city': 'Surrey'}",2019-11-19T05:24:10.000-08:00
dentist,49.3260032,-123.14369450000001,Daher Orthostyle,"{'healthcare:speciality': 'orthodontics', 'alt_name': 'Daher Orthodontics', 'healthcare': 'dentist'}",2020-05-29T04:38:32.000-07:00
dentist,49.3261186,-123.14357340000002,Behmard Dentistry,{'healthcare': 'dentist'},2020-05-29T05:38:00.000-07:00
dentist,49.2639057,-123.14942649999999,1955 Dental,"{'addr:housenumber': '1955', 'website': 'https://1955dental.com', 'phone': '+1-604-738-1131', 'opening_hours': 'Mo 07:30-16:00; Tu 07:30-17:00; We 07:30-17:30; Th 07:30-19:00; Fr 07:30-17:00; Sa 08:00-16:00; Su,PH off', 'addr:street': 'West Broadway', 'healthcare': 'dentist'}",2019-09-02T22:08:29.000-07:00
dentist,49.2459795,-123.0672662,Simply Wellness Dental Office,"{'opening_hours': 'Mo 08:00-17:00; Tu,Fr 09:00-18:00; We 09:00-19:00; Th 08:00-18:00; Sa 08:00-16:00', 'addr:housenumber': '1850', 'addr:street': 'Kingsway', 'healthcare': 'dentist'}",2019-07-26T04:55:50.000-07:00
dentist,49.280302899999995,-122.78703059999998,,{},2020-05-06T15:15:17.000-07:00
dentist,49.2526684,-122.8934466,Northgate Dental Centre,"{'addr:housenumber': '3433', 'website': 'http://smiledoctors.org/northgate-dental-centre/', 'phone': '+1-604-421-8809', 'addr:street': 'North Road', 'addr:postcode': 'V3J 0A9', 'healthcare': 'dentist', 'addr:city': 'Burnaby'}",2019-09-22T22:49:42.000-07:00
dentist,49.1361454,-122.8893251,21st Century Dental Clinic,{'healthcare': 'dentist'},2020-03-25T17:28:16.000-07:00
dentist,49.139268200000004,-122.88880929999999,,{'healthcare': 'dentist'},2020-03-21T05:16:15.000-07:00
dentist,49.1332386,-122.3237392,Advanced Denture Centre,"{'shop': 'medical_supply', 'healthcare': 'dentist'}",2020-01-12T16:05:05.000-08:00
dentist,49.115762100000005,-122.682544,Surlang Dental Centre,{'healthcare': 'dentist'},2019-10-12T06:42:33.000-07:00
dentist,49.2769105,-122.8512091,Tri-City Endodontics,"{'addr:housenumber': '2726', 'addr:street': 'St. Johns Street', 'phone': '+1-604-492-3034', 'healthcare': 'dentist'}",2019-09-02T17:44:42.000-07:00
dentist,49.19804310000001,-122.8120642,Holly Park Dental,{},2018-10-07T06:45:53.000-07:00
dentist,49.2628037,-123.09045220000002,Mount Pleasant Dental Group,"{'addr:province': 'BC', 'healthcare': 'dentist', 'addr:city': 'Vancouver'}",2020-03-07T20:50:10.000-08:00
dentist,49.3163515,-122.9711768,Parkgate Village Dental Centre,{'healthcare': 'dentist'},2020-02-09T18:39:57.000-08:00
dentist,49.1854487,-122.79878259999998,Impact Dental Centre,{},2020-02-21T07:56:20.000-08:00
dentist,49.0497704,-122.31918329999999,East West Dental Group,"{'phone': '+1-778-771-4546', 'addr:unit': '25A', 'healthcare': 'dentist'}",2018-06-20T15:10:35.000-07:00
dentist,49.2829,-122.79526000000001,Glen Dental Centre,{'healthcare': 'dentist'},2020-01-17T07:59:42.000-08:00
dentist,49.04987070000001,-122.2900371,Montrose Dental Centre,"{'website': 'https://www.montrosedentalcentre.com/', 'phone': '+1-604-853-5677', 'level': '1', 'description': 'General Dentistry', 'addr:unit': '203', 'operator': 'Dr Chris Barlow', 'healthcare': 'dentist'}",2019-02-18T15:13:00.000-08:00
dentist,49.2809127,-123.0506501,Dr Bradley Mar,"{'addr:housenumber': '2656', 'addr:street': 'East Hastings Street', 'healthcare': 'dentist'}",2019-10-30T17:52:36.000-07:00
dentist,49.28074829999999,-123.0486769,Dr. Alex Libelich,"{'note': 'Unit 101', 'addr:housenumber': '2732', 'addr:street': 'East Hastings Street', 'phone': '+1-604-253-4567', 'healthcare': 'dentist'}",2019-10-31T23:04:22.000-07:00
dentist,49.280800799999994,-123.04882450000001,Laurel Radiology - XRay,"{'addr:housenumber': '2728', 'addr:street': 'East Hastings Street', 'healthcare': 'dentist'}",2019-10-31T23:04:22.000-07:00
dentist,49.1533809,-122.8908056,,{'healthcare': 'dentist'},2019-09-28T08:28:09.000-07:00
dentist,49.115188,-122.6804363,Park Dental Group,"{'addr:housenumber': '19565', 'website': 'https://parkdental.ca/', 'phone': '+1-604-534-2828', 'surrey:addrid': '11552', 'opening_hours': 'Mo-Tu 11:00-19:00; We 11:00-17:00; Th-Sa 09:00-17:00; Su off', 'addr:street': 'Fraser Highway', 'source': 'City of Surrey 2010 GIS Data', 'addr:postcode': 'V3S 6K7', 'surrey:date': '19860718', 'healthcare': 'dentist', 'addr:city': 'Surrey'}",2019-09-13T13:56:49.000-07:00
dentist,49.0521459,-122.3203709,Dr Andrew Woo Orthodontist,"{'healthcare:speciality': 'orthodontics', 'level': '1', 'healthcare': 'dentist'}",2019-12-03T17:40:49.000-08:00
dentist,49.0521661,-122.3202402,The Mark Dental,"{'level': '1', 'healthcare': 'dentist'}",2019-12-03T17:40:49.000-08:00
dentist,49.0521514,-122.3206186,Abbotsford Children's Dentistry,"{'website': 'https://www.abbypedodental.ca', 'level': '1', 'operator': '\xa0Dr. Hasnain Dewji', 'healthcare': 'dentist'}",2019-12-03T17:40:49.000-08:00
dentist,49.1192081,-122.66819790000001,Primary Care,{'healthcare': 'dentist'},2019-12-04T08:06:51.000-08:00
dentist,49.119490899999995,-122.668213,Willoughby Crossing Dental Centre,{'healthcare': 'dentist'},2019-12-04T08:06:51.000-08:00
dentist,49.186364000000005,-122.8437325,Livingstone Denture Clinic,{'healthcare': 'dentist'},2019-10-13T06:47:51.000-07:00
dentist,49.1891019,-122.84742469999999,City Centre Dental Clinic,{'healthcare': 'dentist'},2019-10-13T19:21:22.000-07:00
dentist,49.2245968,-122.93960320000001,Duke,"{'addr:housenumber': '7738', 'name:en': 'Duke Park Denture Clinic', 'addr:street': 'Edmonds Street'}",2020-05-12T03:55:24.000-07:00
dentist,49.2643093,-123.010861,JC Dental Care,"{'addr:street': 'Dawson Street', 'healthcare': 'dentist', 'addr:city': 'Burnaby'}",2019-11-25T23:54:46.000-08:00
dentist,49.249038399999996,-123.1007773,Crown Dental Centre,"{'opening_hours': 'Tu,We 09:00-18:00; Th 08:00-17:00; Fr 08:00-17:00; Sa 09:00-15:00', 'addr:housenumber': '4050', 'addr:street': 'Main Street', 'healthcare': 'dentist'}",2020-02-25T19:28:04.000-08:00
dentist,49.049242799999995,-122.30066090000001,DR. S. EDGEWORTHY Inc. Dentist,"{'website': 'https://milllakedental.com/', 'phone': '+1-604-852-2171', 'addr:unit': '10', 'healthcare': 'dentist'}",2019-03-16T06:54:21.000-07:00
dentist,49.337998999999996,-123.10139720000001,Edgemont Village Dental Care,{},2015-05-18T02:26:56.000-07:00
dentist,49.337402600000004,-123.1024634,Village Dental Group,{},2019-05-06T23:57:45.000-07:00
dentist,49.0355656,-122.2653647,Venier Dental Group,"{'opening_hours': 'Mo,Fr 08:00-17:00; Tu-Th 07:30-18:00; Sa 08:00-15:00', 'website': 'https://www.venierdentalgroup.ca/', 'phone': '+1-604-853-2331', 'addr:unit': '101', 'healthcare': 'dentist'}",2019-09-02T22:08:25.000-07:00
dentist,49.0485765,-122.2926136,5ive Corners Dental Centre,{'phone': '+1-604-744-4454'},2018-02-09T04:59:44.000-08:00
dentist,49.133034,-123.09313229999998,Spectrum Dental Centre,"{'addr:housenumber': '11700', 'phone': '+1-604-271-5225', 'opening_hours': 'Mo-Sa 09:30-17:00', 'addr:street': 'Steveston Highway', 'addr:postcode': 'V7A 1N6', 'addr:unit': '130', 'healthcare': 'dentist'}",2019-08-24T15:12:34.000-07:00
dentist,49.1669922,-123.13348059999998,Co Uy Florence Inc,"{'addr:housenumber': '6480', 'addr:street': 'Buswell Street', 'phone': '+1-604-278-9877'}",2020-01-08T23:46:32.000-08:00
dentist,49.268483700000004,-123.16656850000001,Kitsilano Dental Group,"{'addr:housenumber': '2705', 'website': 'https://www.kitsilanodentalgroup.com', 'phone': '+1-604-736-8051', 'opening_hours': 'Mo-Fr 08:00-17:00; Sa ""Appointment Only""', 'addr:street': 'West 4th Avenue', 'addr:postcode': 'V6K 1P9', 'healthcare': 'dentist', 'addr:city': 'Vancouver'}",2019-09-02T22:08:29.000-07:00
dentist,49.1917533,-122.83299109999999,Dr Dan Beck Family Dentistry,"{'addr:housenumber': '14044', 'addr:street': '104 Avenue'}",2018-10-09T05:25:55.000-07:00
dentist,49.1342399,-122.3274623,Gateway Dental,{'healthcare': 'dentist'},2019-05-19T14:14:03.000-07:00
dentist,49.2763417,-123.11918899999999,Yaletown Laser Centre,"{'addr:housenumber': '1010', 'name:en': 'Yaletown Laser Centre', 'addr:street': 'Mainland Street', 'healthcare': 'dentist', 'addr:city': 'Vancouver'}",2019-11-24T03:22:59.000-08:00
dentist,49.0245382,-123.0704625,Roberts Dental,"{'payment:mastercard': 'yes', 'contact:youtube': 'https://www.youtube.com/channel/UCK-f_m8qBBwFSw1bzCPsqKg', 'wheelchair': 'yes', 'contact:facebook': 'https://www.facebook.com/robertsdental', 'payment:credit_cards': 'yes', 'contact:google_plus': 'https://g.page/RobertsDental/review', 'contact:email': 'info@robertsdental.ca', 'addr:postcode': 'V4M4C2', 'contact:yelp': 'https://www.yelp.ca/biz/roberts-dental-and-facial-rejuvenation-tsawwassen-2', 'operator': 'Dr. Janet Roberts', 'healthcare': 'dentist', 'contact:instagram': 'robertsdental', 'contact:website': 'https://robertsdental.ca/contact/', 'email': 'info@robertsdental.ca', 'contact:twitter': '@DentalRoberts', 'addr:province': 'BC', 'image': 'https://robertsdental.ca/wp-content/uploads/2019/10/cropped-Roberts-Dental-01-3.png', 'website': 'https://robertsdental.ca', 'level': '0', 'addr:country': 'CA', 'payment:cash': 'yes', 'payment:visa': 'yes', 'addr:city': 'Delta', 'addr:housenumber': '5550', 'contact:phone': '16049433343', 'phone': '+1-604-943-3343', 'healthcare:speciality': 'general;cosmetic;dentist;dentistry;cosmetic_dentistry', 'opening_hours': 'Mo 08:30-17:00; Tu 08:30-17:00; We 08:30-17:00; Th 08:30-14:30', 'addr:town': 'Tsawwassen', 'addr:street': '12 Avenue', 'payment:debit_cards': 'yes'}",2020-01-05T23:11:05.000-08:00
dentist,49.2615172,-122.8880916,Family Dentistry,"{'name:en': 'Family Dentistry', 'healthcare': 'dentist'}",2020-01-29T18:38:37.000-08:00
dentist,49.2473501,-122.8913533,,{},2018-12-08T01:49:21.000-08:00
dentist,49.237103399999995,-123.0327185,Joyce Station Dental Clinic,"{'addr:housenumber': '5258', 'addr:street': 'Joyce Street', 'addr:city': 'Vancouver'}",2019-09-13T13:57:02.000-07:00
dentist,49.2768991,-122.83931899999999,Port Moody Dental Clinic,{'name:en': 'Port Moody Dental Clinic'},2017-02-25T15:19:30.000-08:00
dentist,49.0573774,-122.2741192,Clayburn Dental,"{'opening_hours': 'Mo 07:00-19:00; Tu-Th 07:00-21:00; Fr,Su 07:00-17:00; Sa 08:00-16:30', 'website': 'http://www.clayburndental.com', 'phone': '+1-604-755-1145', 'addr:unit': '400', 'healthcare': 'dentist'}",2019-09-02T22:08:25.000-07:00
dentist,49.0498114,-122.25969750000002,Dr Mahesh Lodhia Inc.,"{'phone': '+1-604-859-9581', 'addr:unit': '112', 'healthcare': 'dentist'}",2018-06-20T15:11:25.000-07:00
dentist,49.0498114,-122.25969750000002,Dr F. Aghdasi Inc.,"{'phone': '+1-604-852-3151', 'addr:unit': '112', 'healthcare': 'dentist'}",2018-06-20T15:11:26.000-07:00
dentist,49.2488234,-123.18509979999999,Dunbar Family Dental,"{'addr:housenumber': '4210', 'website': 'https://www.dunbarfamilydental.com/', 'addr:street': 'Dunbar Street', 'healthcare': 'dentist'}",2019-08-29T19:02:51.000-07:00
dentist,49.2786956,-123.1290885,Dolce Dental,"{'owner': 'Albertina Chan', 'website': 'https://www.dolcedental.ca/', 'phone': '+1-604-687-6480', 'addr:unit': '602', 'healthcare': 'dentist'}",2019-08-29T17:59:17.000-07:00
dentist,49.05293029999999,-122.3253847,Dr. Henry T. Louie,"{'healthcare:speciality': 'periodontics', 'website': 'http://m.abbotsfordimplantdentistry.com', 'addr:unit': '206', 'healthcare': 'dentist'}",2015-08-01T08:44:57.000-07:00
dentist,49.0529273,-122.3254726,Dental Implants & Imaging,{'healthcare': 'dentist'},2015-08-01T08:44:57.000-07:00
dentist,49.0528557,-122.32546090000001,Dr. Michelle Wang,"{'healthcare:speciality': 'orthodontics', 'website': 'http://www.mworthodontist.com', 'addr:unit': '207', 'healthcare': 'dentist'}",2015-08-01T08:44:58.000-07:00
dentist,49.2265738,-123.00367549999999,Station Square Dental,"{'name:en': 'Station Square Dental', 'healthcare': 'dentist'}",2019-07-07T03:58:25.000-07:00
dentist,49.2251886,-122.9994243,Acu Dental & Orthodontics,"{'level': '0', 'healthcare': 'dentist'}",2019-05-27T03:58:16.000-07:00
dentist,49.2257235,-122.99779209999998,Dentists,"{'name:en': 'Dentists', 'level': '0', 'healthcare': 'dentist'}",2019-05-27T03:58:17.000-07:00
dentist,49.06176,-122.3808351,Mt Lehman Dental,"{'opening_hours:signed': 'no', 'website': 'https://mountlehmandental.com/', 'phone': '+1-604-856-7860', 'healthcare:speciality': 'general', 'addr:unit': '117', 'healthcare': 'dentist'}",2019-02-18T15:28:30.000-08:00
dentist,49.232976,-123.0167064,Central Park,{'healthcare': 'dentist'},2019-05-27T03:58:23.000-07:00
dentist,49.2253724,-122.99441429999999,Laser Dental,{'name:en': 'Laser Dental'},2017-03-23T04:35:00.000-07:00
dentist,49.2763346,-123.12027020000001,Yaletown Dentistry,"{'addr:housenumber': '1050', 'name:en': 'Yaletown Dentistry', 'addr:street': 'Hamilton Street', 'phone': '+1-604-801-6669', 'healthcare': 'dentist'}",2019-08-29T17:39:49.000-07:00
dentist,49.209666600000006,-123.11651940000002,Marine Cambie Dental,"{'addr:housenumber': '482', 'phone': '+1-604-428-8078', 'addr:street': 'SW Marine Drive', 'addr:postcode': 'V5X 0C4', 'healthcare': 'dentist', 'addr:city': 'Vancouver'}",2019-09-13T13:57:00.000-07:00
dentist,49.2409756,-123.0901209,Family First Dental,"{'addr:housenumber': '4850', 'addr:street': 'Fraser Street', 'healthcare': 'dentist', 'addr:city': 'Vancouver'}",2019-10-31T23:04:22.000-07:00
dentist,49.2274766,-123.06586440000001,Victoria Drive Dental Clinic,"{'addr:housenumber': '6201', 'addr:street': 'Victoria Drive', 'addr:city': 'Vancouver'}",2019-09-13T13:57:02.000-07:00
dentist,49.15860670000001,-122.7813182,Fraser smiles dental,{'name:en': 'Fraser smiles dental'},2017-07-08T00:04:30.000-07:00
dentist,49.2789348,-123.121852,Aarm Dental Group,"{'addr:housenumber': '993', 'website': 'https://www.aarm-dental.com/', 'phone': '+1-604-688-7607', 'opening_hours': 'Mo-Tu 08:00-19:00; We-Th 08:00-20:00; Fr-Sa 09:00-17:00', 'addr:street': 'Seymour Street', 'healthcare': 'dentist', 'addr:city': 'Vancouver'}",2019-09-18T23:00:49.000-07:00
dentist,49.2727685,-123.1473817,Kits Point Dental Group,"{'addr:housenumber': '1891', 'addr:street': 'Cornwall Avenue', 'healthcare': 'dentist'}",2019-08-29T18:37:06.000-07:00
dentist,49.168477100000004,-122.5807898,Fort Langley Dental Office,"{'addr:housenumber': '23192', 'addr:street': '96 Avenue', 'healthcare': 'dentist', 'addr:city': 'Township of Langley'}",2019-10-27T21:56:14.000-07:00
dentist,49.2760785,-123.11958020000002,Enamel,"{'addr:housenumber': '1026', 'name:en': 'Enamel', 'addr:street': 'Mainland Street', 'healthcare': 'dentist', 'addr:city': 'Vancouver'}",2019-11-24T03:22:59.000-08:00
dentist,49.1899173,-122.8026206,Guidford Orthodontist,"{'name:en': 'Guidford Orthodontist', 'healthcare': 'dentist'}",2019-10-29T18:02:14.000-07:00
dentist,49.139990999999995,-122.8907186,Angel Care Dentist,"{'addr:housenumber': '103-7511', 'addr:street': 'Scott Road', 'healthcare': 'dentist', 'addr:city': 'Delta'}",2019-09-13T13:57:02.000-07:00
dentist,49.1897787,-122.8027067,Family Dental,"{'name:en': 'Family Dental', 'healthcare': 'dentist'}",2019-10-29T18:02:14.000-07:00
dentist,49.1932856,-123.18014960000001,Vancouver Airport Dental Centre,"{'indoor': 'yes', 'level': '-1', 'healthcare': 'dentist'}",2019-09-14T05:00:22.000-07:00
dentist,49.133864100000004,-122.8899466,Aura Orthodontics,"{'addr:housenumber': '7192', 'website': 'https://www.auraortho.com', 'phone': '+1-604-593-5225', 'healthcare:speciality': 'orthodontics', 'opening_hours': 'Mo 09:00-17:30, Tu-We 10:00-18:30, Th-Fr 10:00-19:30, Sa 08:00-16:30', 'description': 'At Aura Orthodontics our goal is simple: to create the smile that you’ve always dreamed of! Stop by our Surrey Orthodontic Clinic', 'addr:street': '120 St', 'addr:postcode': 'V3W 3M8', 'healthcare': 'dentist', 'addr:city': 'Surrey'}",2019-11-24T07:35:44.000-08:00
dentist,49.057918799999996,-122.460182,Station Road Dental Aldergrove,"{'website': 'https://www.stationroaddentalcentre.com/', 'facebook': 'https://www.facebook.com/Station-Road-Dental-Aldergrove-504325426331181/', 'emergency': 'yes', 'addr:postcode': 'V4W 3P9', 'addr:unit': '101', 'operator': 'John So', 'healthcare': 'dentist', 'addr:city': 'Aldergrove', 'addr:housenumber': '27595', 'phone': '+1-604-857-5400', 'opening_hours': 'Mo-Th 08:30-18:00; Fr 08:30-19:00; Sa 09:00-17:00', 'addr:street': 'Fraser Highway', 'fax': '+1-604-857-5402'}",2020-05-04T03:14:59.000-07:00
dentist,49.2348961,-123.1699097,123 Kerrisdale Dental Centre,"{'addr:housenumber': '2899', 'website': 'http://kerrisdaledentist.com', 'opening_hours': 'Mo-Tu 09:00-18:00; We 08:00-20:00; Th 10:00-20:00; Fr 08:00-16:00; Sa,Su,PH off', 'addr:street': 'West 41st Avenue', 'healthcare': 'dentist', 'addr:city': 'Vancouver'}",2020-02-07T18:09:21.000-08:00
dentist,49.2687359,-123.04563290000002,1st Ave Dental Group,"{'level': '0', 'addr:housenumber': '116-2800'}",2018-05-06T07:41:21.000-07:00
dentist,49.2352414,-123.0652874,Brush Dental Clinic,"{'addr:housenumber': '5470', 'addr:street': 'Victoria Drive', 'addr:city': 'Vancouver'}",2019-09-13T13:57:02.000-07:00
dentist,49.2428075,-123.0597783,Dentist on Kingsway,"{'addr:housenumber': '2249', 'addr:street': 'Kingsway', 'healthcare': 'dentist', 'addr:city': 'Vancouver'}",2019-10-28T18:00:55.000-07:00
dentist,49.166663299999996,-123.13345759999999,Richmond Dental Centre,"{'addr:housenumber': '8211', 'addr:street': 'Cook Road'}",2017-07-19T23:18:55.000-07:00
dentist,49.1667899,-123.13347730000001,Buswell Dental Centre,"{'addr:housenumber': '101-6480', 'addr:street': 'Buswell Street'}",2017-07-19T23:18:55.000-07:00
dentist,49.1854679,-122.9479878,New Smile Dental Group,"{'addr:housenumber': '1020', 'addr:street': 'Ewen Avenue', 'phone': '+1-778-397-2552'}",2018-02-10T15:24:53.000-08:00
dentist,49.2824289,-122.82570049999998,Newport Dental,"{'name:en': 'Newport Dental', 'healthcare': 'dentist'}",2019-08-18T08:43:58.000-07:00
dentist,49.2267423,-122.9994778,Metroplex Dental Centre,"{'name:en': 'Metroplex Dental Centre', 'level': '0', 'healthcare': 'dentist'}",2019-08-24T15:19:56.000-07:00
dentist,49.23129779999999,-123.00743529999998,Dental Medical Center,"{'name:en': 'Dental Medical Center', 'healthcare': 'dentist'}",2019-05-27T03:58:22.000-07:00
dentist,49.254089799999996,-123.08353590000002,Windsor Dental Clinic,"{'addr:housenumber': '1001', 'addr:street': 'Kingsway', 'addr:city': 'Vancouver'}",2019-09-13T13:57:00.000-07:00
dentist,49.2393554,-123.05216909999999,,{'healthcare': 'dentist'},2019-10-28T23:22:44.000-07:00
dentist,49.2253331,-122.99962859999998,Metropolis Dental Group,"{'name:en': 'Metropolis Dental Group', 'level': '1', 'healthcare': 'dentist'}",2019-07-05T05:09:00.000-07:00
dentist,49.2283422,-123.0046739,Crystal Dental Center,"{'addr:housenumber': '1001', 'name:en': 'Crystal Dental Center', 'healthcare': 'dentist'}",2019-05-29T18:10:20.000-07:00
dentist,49.251076,-122.89500249999999,Lougheed,{'name:en': 'Lougheed'},2017-03-13T04:14:15.000-07:00
dentist,49.225393100000005,-122.9990436,Mega Dental,"{'level': '-1', 'healthcare': 'dentist'}",2019-05-27T03:58:16.000-07:00
dentist,49.105477799999996,-122.66067009999999,Aspirations Dental,"{'name:en': 'Aspirations Dental', 'healthcare': 'dentist'}",2019-10-06T22:29:19.000-07:00
dentist,49.118152,-122.8907162,PDG Pediatric Dentistry,{'healthcare': 'dentist'},2019-10-29T06:36:28.000-07:00
dentist,49.229529799999995,-123.0039857,Cm Dental,"{'addr:housenumber': '2822', 'name:en': 'Cm Dental'}",2017-03-22T04:34:55.000-07:00
dentist,49.2295628,-123.00403119999999,Dr.Ng,"{'addr:housenumber': '2823', 'name:en': 'Dr.Ng', 'healthcare': 'dentist'}",2019-05-29T18:10:20.000-07:00
dentist,49.2316268,-123.00509109999999,Dental Clinic,"{'name:en': 'Dental Clinic', 'healthcare': 'dentist'}",2019-05-27T03:58:21.000-07:00
dentist,49.191173299999996,-122.9472097,Queensborough,{'name:en': 'Queensborough'},2017-07-10T05:51:49.000-07:00
dentist,49.1864134,-122.84811040000001,The Dental Group,{'healthcare': 'dentist'},2019-06-25T03:54:28.000-07:00
dentist,49.1864151,-122.84989820000001,Surrey Place,"{'name:en': 'Surrey Place', 'healthcare': 'dentist'}",2019-06-25T03:54:28.000-07:00
dentist,49.283278700000004,-122.827339,Eagle Ridge Dental Clinic,"{'addr:housenumber': '221', 'addr:street': 'Ioco Road', 'addr:postcode': 'V3H 4H0', 'healthcare': 'dentist', 'addr:city': 'Port Moody'}",2019-09-13T13:57:05.000-07:00
dentist,49.249348,-122.86787369999999,Seoul Dental Clinic,"{'addr:province': 'B.C.', 'addr:housenumber': '1001', 'addr:street': 'Austin Avenue', 'addr:postcode': 'V3K 3N9', 'addr:unit': '107', 'addr:city': 'Coquitlam'}",2020-04-06T04:53:43.000-07:00
dentist,49.0392402,-122.29362830000001,United Dentists,"{'addr:housenumber': '2001', 'website': 'http://www.united-dentists.com', 'level': '2', 'healthcare:speciality': 'general', 'addr:street': 'McCallum Road', 'addr:postcode': 'V2S 3N5', 'addr:unit': '204', 'healthcare': 'dentist'}",2018-04-27T13:22:10.000-07:00
dentist,49.1721412,-122.66747990000002,Sage Dental,"{'addr:unit': '104', 'healthcare': 'dentist'}",2019-06-07T13:28:04.000-07:00
dentist,49.2707434,-123.10691740000001,Dentist @ False Creek,{'healthcare': 'dentist'},2020-03-22T05:15:36.000-07:00
dentist,49.0369146,-122.2309199,Medora Dental Care,"{'opening_hours': 'Mo 10:00-16:00; Tu-We 10:00-18:00; Th 11:00-19:30; Fr 11:00-19:00; Sa 09:00-16:00 ""alternate""', 'website': 'https://www.medoradental.com/', 'phone': '+1-604-746-1295', 'addr:unit': '110', 'healthcare': 'dentist'}",2019-09-02T22:08:26.000-07:00
dentist,49.2821643,-123.1342101,Davie Dental Clinic,"{'addr:housenumber': '1236', 'addr:street': 'Davie Street', 'source': 'survey', 'healthcare': 'dentist'}",2019-08-29T18:01:23.000-07:00
dentist,49.0496152,-122.31216869999999,Lifetime Dental at Sevenoaks,"{'addr:housenumber': '32900', 'alt_name': 'Sevenoaks Dental Group', 'website': 'http://sevenoaksdental.ca', 'phone': '+1-604-853-8301', 'level': '1', 'indoor': 'yes', 'addr:street': 'South Fraser Way', 'addr:postcode': 'V2S 5A1', 'addr:unit': '206', 'healthcare': 'dentist'}",2018-06-20T15:12:05.000-07:00
dentist,49.2706709,-123.1009108,Main Street Dental,{'healthcare': 'dentist'},2019-11-22T23:30:51.000-08:00
dentist,49.270278000000005,-123.10091609999998,Emerald Dental,"{'healthcare': 'dentist', 'addr:city': 'Vancouver'}",2020-02-08T21:33:50.000-08:00
dentist,49.08908710000001,-123.08420559999999,Ladner Dental Clinic,"{'opening_hours': 'Mo-Tu,Th 08:00-17:00; We 08:30-20:00; Fr 08:00-15:00', 'addr:housenumber': '5028', 'website': 'https://www.ladnerdental.com', 'addr:street': '47A Avenue', 'healthcare': 'dentist'}",2019-06-27T04:48:06.000-07:00
dentist,49.2681549,-123.14660690000001,Seaside Dental Centre,"{'addr:housenumber': '1845', 'addr:street': 'West 4th Avenue', 'healthcare': 'dentist'}",2019-08-29T18:31:06.000-07:00
dentist,49.26844929999999,-123.15668259999998,La Vita Dental,"{'addr:housenumber': '2259', 'addr:street': 'West 4th Avenue', 'healthcare': 'dentist'}",2019-08-29T18:37:06.000-07:00
dentist,49.268361299999995,-123.159255,Accord Dental,"{'addr:housenumber': '2385', 'addr:street': 'West 4th Avenue', 'healthcare': 'dentist'}",2019-08-29T18:37:06.000-07:00
dentist,49.267924900000004,-123.14880349999999,Arbutus North Dental,"{'website': 'www.andsmile.ca', 'phone': '+1-604-733-3325', 'email': 'info@andsmile.ca', 'healthcare': 'dentist'}",2019-08-29T18:31:06.000-07:00
dentist,49.2681941,-123.1482346,Fourth Avenue Dental Clinic,"{'addr:housenumber': '1905', 'addr:street': 'West 4th Avenue', 'healthcare': 'dentist'}",2019-08-29T18:31:06.000-07:00
dentist,49.0514565,-122.32049029999999,Allwood Dental,"{'level': '0', 'healthcare': 'dentist'}",2019-11-10T17:17:27.000-08:00
dentist,49.2491728,-123.11484070000002,Cambie Dental Centre,"{'website': 'https://cambiedentist.com', 'addr:street': 'Cambie St', 'phone': '+16048758383', 'healthcare': 'dentist'}",2020-01-20T20:26:25.000-08:00
dentist,49.26851920000001,-123.170387,Bayswater Dental Group,{'healthcare': 'dentist'},2019-03-23T23:43:49.000-07:00
dentist,49.2328519,-123.1190993,Dr. Wilson Kwong Inc.,"{'payment:mastercard': 'yes', 'contact:facebook': 'https://www.facebook.com/pg/DrWilson-J-Kwong-Inc-183542696325/about/', 'website': 'http://smilesarebeautiful.com', 'payment:cheque': 'yes', 'payment:cash': 'yes', 'addr:postcode': 'V5Z 2M9', 'payment:visa': 'yes', 'contact:linkedin': 'https://www.linkedin.com/in/wilson-kwong-0321a243', 'addr:unit': '218', 'operator': 'Dr. Wilson Kwong Inc.', 'healthcare': 'dentist', 'addr:city': 'Vancouver', 'addr:housenumber': '650', 'phone': '+1-604-261-9111', 'opening_hours': 'Mo-Fr 08:00-16:00', 'addr:street': 'West 41st Avenue', 'payment:debit_cards': 'yes', 'email': 'requestinfo@smilesarebeautiful.com', 'contact:twitter': 'https://twitter.com/drwilsonkwong'}",2019-09-23T15:35:32.000-07:00
dentist,49.0900547,-123.0852043,,{'healthcare': 'dentist'},2019-07-06T08:29:15.000-07:00
dentist,49.089242999999996,-123.08002749999999,,{'healthcare': 'dentist'},2019-07-06T07:48:56.000-07:00
dentist,49.091411,-123.0788362,,{'healthcare': 'dentist'},2019-07-07T21:50:17.000-07:00
dentist,49.03636229999999,-122.26551129999999,Sumas Way Dental,"{'website': 'http://sumasway.wix.com/dental', 'phone': '+1-604-853-6979', 'healthcare:speciality': 'general', 'opening_hours': 'Mo 08:30-14:00; Tu,We,Fr 08:30-16:30; Th,Su off; Sa open ""by appointment""', 'addr:unit': 'C', 'healthcare': 'dentist'}",2019-09-02T22:08:25.000-07:00
dentist,49.0578981,-122.3774419,Highstreet Dental,"{'website': 'https://highstreetdentalcentre.com/', 'phone': '+1-604-381-2268', 'level': '2', 'healthcare:speciality': 'general', 'opening_hours': 'Su-Mo off; Tu 10:00-18:00; We-Th 11:00-19:00; Fr-Sa 09:30-17:30', 'addr:unit': 'J155', 'layer': '2', 'healthcare': 'dentist'}",2019-09-02T22:08:25.000-07:00
dentist,49.0588617,-122.3788386,Aura Orthodontics,"{'website': 'https://www.auraortho.com/contact-abbotsford', 'level': '3', 'healthcare:speciality': 'orthodontics', 'addr:unit': '225', 'layer': '3', 'healthcare': 'dentist'}",2017-02-19T03:28:49.000-08:00
dentist,49.1068326,-122.66176829999999,Ivory Dental Centre,{'healthcare': 'dentist'},2019-10-06T22:29:19.000-07:00
dentist,49.2635487,-123.14453359999999,Solace Dental Centre,"{'addr:housenumber': '1762', 'addr:street': 'West Broadway', 'healthcare': 'dentist', 'addr:city': 'Vancouver'}",2019-08-29T18:25:42.000-07:00
dentist,49.2793859,-123.1066605,Dr Serge Agafontsev,"{'addr:housenumber': '66', 'addr:street': 'Keefer Street', 'healthcare': 'dentist'}",2019-08-29T17:37:11.000-07:00
dentist,49.2794131,-123.10686240000001,Tinseltown Dental,"{'addr:housenumber': '80', 'addr:street': 'Keefer Street', 'healthcare': 'dentist'}",2019-08-29T17:37:11.000-07:00
dentist,49.1335474,-122.33768959999999,Mission Gate Dental,"{'healthcare:speciality': 'general', 'addr:housenumber': '32081', 'addr:street': 'Lougheed Highway', 'addr:unit': 'A2', 'healthcare': 'dentist'}",2019-05-26T08:00:29.000-07:00
dentist,49.326633,-122.9512131,Seycove Dental,"{'addr:housenumber': '4319', 'addr:street': 'Gallant Avenue', 'level': '0', 'healthcare': 'dentist'}",2019-12-21T16:15:38.000-08:00
dentist,49.2696855,-123.1068061,Olympic Village Dental,{'healthcare': 'dentist'},2019-06-17T05:08:02.000-07:00
dentist,49.049814700000006,-122.3240687,Dr Bill Chu Town Square Dental Centre,"{'phone': '+1-604-852-3220', 'addr:unit': 'G170', 'healthcare': 'dentist'}",2018-06-20T15:09:52.000-07:00
dentist,49.3131903,-123.07696840000001,Peak Dental Arts,"{'opening_hours': 'Mo,Tu,Th 10:00-19:00; We 07:00-19:00; Fr-Su 09:00-19:00', 'addr:housenumber': '250', 'website': 'https://peakdentalarts.com/', 'phone': '+1-604-770-2222', 'healthcare': 'dentist'}",2019-09-11T22:30:01.000-07:00
dentist,49.037696600000004,-122.29361899999999,The Children's Oral Care Centre,"{'description': 'Pediatric Dentistry', 'level': '2', 'addr:unit': '303', 'healthcare': 'dentist'}",2015-10-03T12:51:22.000-07:00
dentist,49.2632624,-123.12834299999999,Urban Dental Clinic,"{'addr:housenumber': '1070', 'addr:street': 'West Broadway', 'healthcare': 'dentist', 'addr:city': 'Vancouver'}",2019-08-29T18:18:41.000-07:00
dentist,49.277626399999995,-123.12908829999999,Aarm Dental Group,"{'addr:housenumber': '1270', 'addr:street': 'Hornby Street', 'phone': '+1-604-681-8530', 'healthcare': 'dentist'}",2019-08-29T18:31:06.000-07:00
dentist,49.28006729999999,-123.12591110000001,Wall Centre Dental,"{'opening_hours': 'Mo-Fr 08:00-17:00', 'addr:housenumber': '1065', 'addr:street': 'Hornby Street', 'phone': '+1-604-879-3333', 'healthcare': 'dentist'}",2019-08-29T17:57:11.000-07:00
dentist,49.0365049,-122.29048440000001,Midtown Dental,"{'addr:housenumber': '1878', 'addr:street': 'McCallum Road', 'addr:unit': '140', 'healthcare': 'dentist'}",2018-01-27T22:38:05.000-08:00
dentist,49.0399065,-122.29357990000001,the children's oral care centre,"{'addr:housenumber': '2051', 'website': 'https://www.childrensoralcare.ca/', 'phone': '+1-604-864-0876', 'level': '1', 'description': 'pediatric dental specialist', 'addr:street': 'McCallum Road', 'addr:postcode': 'V2S 3N5', 'addr:unit': '201', 'operator': 'Dr Phoebe Tsang'}",2019-02-20T02:42:12.000-08:00
dentist,49.2637136,-123.154762,Regent Dental Centre,{'healthcare': 'dentist'},2019-08-29T18:50:05.000-07:00
dentist,49.1319739,-123.0931553,Ironwood Dental Centre,{'healthcare': 'dentist'},2019-08-24T15:12:34.000-07:00
dentist,49.0610073,-122.37949850000001,Cardinal Dental,"{'opening_hours:signed': 'no', 'alt_name': 'Dr. Manjinder Saini', 'website': 'http://www.drsainibc.ca', 'addr:unit': '210', 'healthcare': 'dentist'}",2019-01-16T16:20:57.000-08:00
dentist,49.1918001,-122.8242629,Dr. Daphne Visarra. DMD,"{'indoor': 'yes', 'addr:housenumber': '14351', 'addr:street': '104 Avenue', 'level': '2', 'addr:unit': '308'}",2018-08-14T11:44:07.000-07:00
dentist,49.0498187,-122.33565859999999,Cedar Park Dental Group,"{'addr:housenumber': '2716', 'website': 'http://www.cedarparkdentalgroup.com', 'level': '0', 'addr:street': 'Cedar Park Place', 'addr:postcode': 'V2T 3S4', 'healthcare': 'dentist'}",2016-06-14T18:01:45.000-07:00
dentist,49.2547868,-123.23526840000001,Wesbrook Dental,{'healthcare': 'dentist'},2019-04-29T21:29:21.000-07:00
dentist,49.037733200000005,-122.29361840000001,Opus Oral Health Centre,"{'healthcare:speciality': 'dental_oral_maxillo_facial_surgery', 'description': 'Oral Medicine & Pathology', 'level': '2', 'addr:unit': '303', 'healthcare': 'dentist'}",2015-10-03T12:51:22.000-07:00
dentist,49.1995276,-122.81097609999999,Riverside Heights Dental,"{'website': 'https://www.riversideheightsdental.com/', 'healthcare': 'dentist'}",2019-02-20T07:23:19.000-08:00
dentist,49.037377500000005,-122.29346159999999,Abbotsford Orthodontics,"{'website': 'https://www.letusmakeyousmile.ca/', 'phone': '+1-604-854-3236', 'level': '0', 'healthcare:speciality': 'orthodontics', 'addr:unit': '103', 'healthcare': 'dentist'}",2019-02-20T02:42:05.000-08:00
dentist,49.3130055,-123.07778590000002,Lonsdale Dental,"{'addr:street': 'Lonsdale Avenue', 'healthcare': 'dentist', 'addr:city': 'North Vancouver City'}",2019-09-13T13:57:03.000-07:00
dentist,49.1321624,-123.0991947,Coppersmith Dental,{'healthcare': 'dentist'},2019-08-24T15:12:34.000-07:00
dentist,49.1874088,-122.79957890000001,Guildford smiles dentistry,{'phone': '+1-778-293-1193'},2018-02-10T16:59:14.000-08:00
dentist,49.055945799999996,-122.3161043,Gladwin Dental Centre,"{'website': 'http://gladwindental.com', 'phone': '+1-604-853-6657', 'level': '0', 'opening_hours': 'Mo,We-Fr 09:00-17:00; Tu 11:00-19:00; Sa-Su off', 'addr:unit': '109', 'healthcare': 'dentist'}",2019-10-29T07:00:06.000-07:00
dentist,49.262486100000004,-123.07049669999999,Public Health Dental Health Program,"{'addr:housenumber': '#210-1669', 'phone': '+1-604-675-3981', 'addr:street': 'East Broadway', 'addr:postcode': 'V5N 1V9', 'operator': 'Vancouver Coastal Health', 'healthcare': 'dentist', 'addr:city': 'Vancouver'}",2019-10-30T17:52:36.000-07:00
dentist,49.261796600000004,-122.8901983,Burnaby Mountain Dental Centre,"{'name:en': 'Burnaby Mountain Dental Centre', 'healthcare': 'dentist'}",2020-02-20T13:41:02.000-08:00
dentist,49.1855414,-122.84496419999999,,{'healthcare': 'dentist'},2019-08-24T15:23:01.000-07:00
dentist,49.038472399999996,-122.2885929,Happy Orthodontics,"{'website': 'https://happyorthodontics.com/', 'level': '0', 'addr:unit': '103'}",2019-02-18T15:19:03.000-08:00
dentist,49.2796266,-122.8288875,Suter Brook Dental,"{'addr:housenumber': '121', 'addr:street': 'Brew Street', 'addr:postcode': 'V3H 0E7', 'addr:unit': '11', 'operator': 'Dr Andrea Dernisky', 'healthcare': 'dentist', 'addr:city': 'Port Moody'}",2019-09-13T13:56:58.000-07:00
dentist,49.2776523,-122.79251409999998,Trip City Dental Centre,{'healthcare': 'dentist'},2020-01-17T07:58:29.000-08:00
dentist,49.226383,-123.0909753,Fraserview Dentist,{'healthcare': 'dentist'},2019-11-07T19:56:30.000-08:00
dentist,49.25120870000001,-123.10120149999999,Vancouver Main Dental,"{'name:en': 'Vancouver Main Dental', 'healthcare': 'dentist'}",2019-12-15T22:33:23.000-08:00
