address,amenity,city,lat,lon,name,tags,timestamp
"{'shop': 'Langley Mall', 'house_number': '5501', 'road': '204 Street', 'city': 'Langley', 'municipality': 'Langley Township', 'county': 'Metro Vancouver Regional District', 'state': 'British Columbia', 'postcode': 'V3A 5N8', 'country': 'Canada', 'country_code': 'ca'}",atm,Langley,49.102581,-122.65837169999999,TD Canada Trust,{'brand': 'Green Machine'},2019-05-02T06:04:06.000-07:00
"{'shop': 'Jonker Honda', 'house_number': '19515', 'road': 'Langley Bypass', 'city': 'Langley', 'municipality': 'Langley Township', 'county': 'Metro Vancouver Regional District', 'state': 'British Columbia', 'postcode': 'V3S 7H1', 'country': 'Canada', 'country_code': 'ca'}",charging_station,Langley,49.1095463,-122.68189450000001,,{'access': 'private'},2019-12-01T06:04:04.000-08:00
"{'amenity': 'Glover Medical Centre', 'house_number': '101-5796', 'road': 'Glover Road', 'city': 'Langley', 'municipality': 'Langley Township', 'county': 'Metro Vancouver Regional District', 'state': 'British Columbia', 'postcode': 'V3A 4H9', 'country': 'Canada', 'country_code': 'ca'}",clinic,Langley,49.10801470000001,-122.65045159999998,Glover Medical Centre,"{'note': 'This is a medical clinic, offering additional services such as flu shot clinics, pap screenings, and clinical trial research studies.', 'addr:housenumber': '101-5796', 'alt_name': 'Glover Medical Clinic', 'website': 'https://www.glovermedical.com/', 'phone': '+1-604-530-3233', 'emergency': 'no', 'addr:street': 'Glover Road', 'type': 'clinic', 'addr:postcode': 'V3A 4H9', 'healthcare': 'clinic', 'addr:city': 'Langley'}",2019-09-03T20:11:47.000-07:00
"{'amenity': 'Travel Medicine & Vaccination Centre', 'road': 'Fraser Highway', 'city': 'Langley', 'municipality': 'Langley Township', 'county': 'Metro Vancouver Regional District', 'state': 'British Columbia', 'postcode': 'V3A 4E6', 'country': 'Canada', 'country_code': 'ca'}",clinic,Langley,49.1059404,-122.66138899999999,Travel Medicine & Vaccination Centre,"{'website': 'http://www.tmvs.com/', 'healthcare': 'clinic'}",2019-10-12T04:50:13.000-07:00
"{'amenity': 'Family Care Pharmacy', 'house_number': '5581', 'road': '204 Street', 'city': 'Langley', 'municipality': 'Langley Township', 'county': 'Metro Vancouver Regional District', 'state': 'British Columbia', 'postcode': 'V3A 1W7', 'country': 'Canada', 'country_code': 'ca'}",clinic,Langley,49.104304,-122.6567774,,"{'healthcare:speciality': 'general', 'healthcare': 'doctor'}",2019-05-02T06:04:04.000-07:00
"{'amenity': 'Timms Community Centre', 'house_number': '20399', 'road': 'Douglas Crescent', 'city': 'Langley', 'municipality': 'Langley Township', 'county': 'Metro Vancouver Regional District', 'state': 'British Columbia', 'postcode': 'V3A 1W7', 'country': 'Canada', 'country_code': 'ca'}",community_centre,Langley,49.103842,-122.65717179999999,Timms Community Centre,"{'addr:housenumber': '20399', 'addr:street': 'Douglas Crescent'}",2017-02-19T20:28:28.000-08:00
"{'shop': 'Langley Mall', 'house_number': '5501', 'road': '204 Street', 'city': 'Langley', 'municipality': 'Langley Township', 'county': 'Metro Vancouver Regional District', 'state': 'British Columbia', 'postcode': 'V3A 5N8', 'country': 'Canada', 'country_code': 'ca'}",doctors,Langley,49.102455299999995,-122.65755130000001,Langley City Family Practice,"{'healthcare:speciality': 'general', 'healthcare': 'doctor'}",2019-05-02T06:04:06.000-07:00
"{'amenity': 'Healthway Medical clinic', 'house_number': '20200', 'road': 'Fraser Highway', 'city': 'Langley', 'municipality': 'Langley Township', 'county': 'Metro Vancouver Regional District', 'state': 'British Columbia', 'postcode': 'V3A 4E6', 'country': 'Canada', 'country_code': 'ca'}",doctors,Langley,49.1060437,-122.66286770000002,Healthway Medical clinic,"{'addr:housenumber': '20200', 'level': '0', 'healthcare:speciality': 'general', 'addr:street': 'Fraser Highway', 'addr:postcode': 'V3A 4E6', 'healthcare': 'doctor'}",2019-05-07T04:34:59.000-07:00
"{'amenity': 'St Luke Family Practice', 'road': 'Glover Road', 'city': 'Langley', 'municipality': 'Langley Township', 'county': 'Metro Vancouver Regional District', 'state': 'British Columbia', 'postcode': 'V3A 4H9', 'country': 'Canada', 'country_code': 'ca'}",doctors,Langley,49.10864760000001,-122.65063470000001,St Luke Family Practice,"{'healthcare:speciality': 'general', 'healthcare': 'doctor'}",2019-05-07T13:26:08.000-07:00
"{'amenity': 'City of Langley Library', 'house_number': '20399', 'road': 'Douglas Crescent', 'city': 'Langley', 'municipality': 'Langley Township', 'county': 'Metro Vancouver Regional District', 'state': 'British Columbia', 'postcode': 'V3A 1W7', 'country': 'Canada', 'country_code': 'ca'}",library,Langley,49.1038139,-122.6570565,City of Langley Library,"{'addr:housenumber': '20399', 'website': 'https://fvrl.bibliocommons.com/locations/LY', 'internet_access': 'wlan', 'phone': '+1-604-514-2850', 'opening_hours': 'Mo-Th 09:00-21:00; Fr 09:00-17:00; Sa 10:00-17:00; Su 13:00-17:00', 'addr:street': 'Douglas Crescent', 'operator': 'Fraser Valley Regional Library'}",2019-01-09T21:49:01.000-08:00
"{'shop': 'Langley Mall', 'house_number': '5501', 'road': '204 Street', 'city': 'Langley', 'municipality': 'Langley Township', 'county': 'Metro Vancouver Regional District', 'state': 'British Columbia', 'postcode': 'V3A 5N8', 'country': 'Canada', 'country_code': 'ca'}",place_of_worship,Langley,49.1021237,-122.6578541,Southgate Church,{'religion': 'christian'},2015-05-25T09:32:10.000-07:00
"{'amenity': 'Langley Evangelical Free Church', 'road': '48 Avenue', 'city': 'Langley', 'municipality': 'Langley Township', 'county': 'Metro Vancouver Regional District', 'state': 'British Columbia', 'postcode': 'V3A 9H1', 'country': 'Canada', 'country_code': 'ca'}",place_of_worship,Langley,49.089837,-122.647255,Langley Evangelical Free Church,"{'denomination': 'free_evangelical', 'religion': 'christian'}",2011-05-18T13:02:05.000-07:00
"{'amenity': 'Willowbrook Recycling Inc.', 'road': '60 Avenue', 'city': 'Langley', 'municipality': 'Langley Township', 'county': 'Metro Vancouver Regional District', 'state': 'British Columbia', 'postcode': 'V3A 5X3', 'country': 'Canada', 'country_code': 'ca'}",recycling,Langley,49.111659,-122.67882279999999,Willowbrook Recycling Inc.,"{'recycling:small_appliances': 'yes', 'website': 'https://willowbrookrecycling.com', 'opening_hours': 'Mo-Su 09:00-16:45', 'recycling:beverage_cartons': 'yes', 'recycling_type': 'centre', 'recycling:cans': 'yes'}",2020-02-12T04:57:55.000-08:00
"{'amenity': 'Langley Bottle Depot', 'road': 'Industrial Avenue', 'city': 'Langley', 'municipality': 'Langley Township', 'county': 'Metro Vancouver Regional District', 'state': 'British Columbia', 'postcode': 'V3A 4E5', 'country': 'Canada', 'country_code': 'ca'}",recycling,Langley,49.108857,-122.66477150000001,Langley Bottle Depot,"{'opening_hours': 'Mo-Fr 08:30-17:15, Sa 08:00-16:15, Su 09:00-16:15', 'website': 'https://langleybottledepot.business.site', 'recycling_type': 'centre', 'operator': 'Encorp'}",2020-02-12T05:05:06.000-08:00
"{'amenity': 'West Coast Metal Recycling', 'house_number': '5771', 'road': '198 Street', 'city': 'Langley', 'municipality': 'Langley Township', 'county': 'Metro Vancouver Regional District', 'state': 'British Columbia', 'postcode': 'V3A 4E1', 'country': 'Canada', 'country_code': 'ca'}",recycling,Langley,49.1083939,-122.67530790000002,West Coast Metal Recycling,"{'recycling:scrap_metal': 'yes', 'opening_hours': 'Tu-Fr 08:00-17:00', 'website': 'https://www.westcoastmetalrecycling.com', 'recycling_type': 'centre'}",2020-02-12T04:57:55.000-08:00
"{'amenity': 'Ban Chok Dee', 'house_number': '20563', 'road': 'Douglas Crescent', 'city': 'Langley', 'municipality': 'Langley Township', 'county': 'Metro Vancouver Regional District', 'state': 'British Columbia', 'postcode': 'V3A 4B6', 'country': 'Canada', 'country_code': 'ca'}",recycling,Langley,49.102979299999994,-122.6529054,,{'waste': 'cigarettes'},2018-08-09T11:34:22.000-07:00
"{'amenity': 'Maple leaf disposal', 'road': 'Langley Bypass', 'city': 'Langley', 'municipality': 'Langley Township', 'county': 'Metro Vancouver Regional District', 'state': 'British Columbia', 'postcode': 'V3A 9J7', 'country': 'Canada', 'country_code': 'ca'}",recycling,Langley,49.1122659,-122.66072549999998,Maple leaf disposal,{},2018-08-04T13:15:17.000-07:00
"{'amenity': 'Salvation Army Free Meals', 'road': 'Langley Bypass', 'city': 'Langley', 'municipality': 'Langley Township', 'county': 'Metro Vancouver Regional District', 'state': 'British Columbia', 'postcode': 'V3A 8L7', 'country': 'Canada', 'country_code': 'ca'}",social_facility,Langley,49.1074896,-122.64336509999998,Salvation Army Free Meals,"{'social_facility:for': 'homeless', 'operator': 'Salvation Army', 'social_facility': 'food_bank'}",2019-08-01T23:41:58.000-07:00
"{'amenity': 'Traveland RV Rentals', 'house_number': '20257', 'road': 'Langley Bypass', 'city': 'Langley', 'municipality': 'Langley Township', 'county': 'Metro Vancouver Regional District', 'state': 'British Columbia', 'postcode': 'V3A 9J9', 'country': 'Canada', 'country_code': 'ca'}",car_rental,Langley,49.11365900000001,-122.6613582,Traveland RV Rentals,{'website': 'http://travelandrvcanada.com'},2011-06-21T18:31:31.000-07:00
"{'amenity': 'Enterprise', 'house_number': '20460', 'road': 'Langley Bypass', 'city': 'Langley', 'municipality': 'Langley Township', 'county': 'Metro Vancouver Regional District', 'state': 'British Columbia', 'postcode': 'V3A 0A3', 'country': 'Canada', 'country_code': 'ca'}",car_rental,Langley,49.1121881,-122.6559996,Enterprise,"{'brand:wikidata': 'Q17085454', 'official_name': 'Enterprise Rent-A-Car', 'brand': 'Enterprise', 'brand:wikipedia': 'en:Enterprise Rent-A-Car'}",2019-12-22T06:00:03.000-08:00
"{'amenity': 'Traveland RV', 'road': 'Langley Bypass', 'city': 'Langley', 'municipality': 'Langley Township', 'county': 'Metro Vancouver Regional District', 'state': 'British Columbia', 'postcode': 'V3A 9J9', 'country': 'Canada', 'country_code': 'ca'}",car_rental,Langley,49.11367620000001,-122.6537961,Traveland RV,"{'name:en': 'Traveland RV', 'name:nl': 'Traveland RV'}",2019-12-22T11:12:17.000-08:00
"{'amenity': 'Esso Car Wash', 'house_number': '6036', 'road': 'Glover Road', 'city': 'Langley', 'municipality': 'Langley Township', 'county': 'Metro Vancouver Regional District', 'state': 'British Columbia', 'postcode': 'V3A 0A3', 'country': 'Canada', 'country_code': 'ca'}",car_wash,Langley,49.1118526,-122.6445145,Esso Car Wash,"{'addr:housenumber': '6036', 'addr:street': 'Glover Road'}",2016-10-10T23:10:08.000-07:00
"{'amenity': 'Petro-Canada Car Wash', 'house_number': '5590', 'road': '200 Street', 'city': 'Langley', 'municipality': 'Langley Township', 'county': 'Metro Vancouver Regional District', 'state': 'British Columbia', 'postcode': 'V3A 3X4', 'country': 'Canada', 'country_code': 'ca'}",car_wash,Langley,49.104085,-122.668225,Petro-Canada Car Wash,"{'opening_hours': 'Mo-Su 06:00-21:00', 'addr:housenumber': '5590', 'addr:street': '200 Street', 'operator': 'Petro-Canada'}",2019-08-28T20:00:45.000-07:00
"{'amenity': 'Speed Wash', 'house_number': '19869', 'road': 'Fraser Highway', 'city': 'Langley', 'municipality': 'Langley Township', 'county': 'Metro Vancouver Regional District', 'state': 'British Columbia', 'postcode': 'V3A 4E1', 'country': 'Canada', 'country_code': 'ca'}",car_wash,Langley,49.1109198,-122.6727619,Speed Wash,"{'addr:housenumber': '19869', 'addr:street': 'Fraser Highway', 'addr:city': 'Langley'}",2019-09-13T13:57:03.000-07:00
"{'amenity': 'Super Save Gas', 'house_number': '19415', 'road': 'Langley Bypass', 'city': 'Langley', 'municipality': 'Langley Township', 'county': 'Metro Vancouver Regional District', 'state': 'British Columbia', 'postcode': 'V3S 7H1', 'country': 'Canada', 'country_code': 'ca'}",car_wash,Langley,49.1076605,-122.6860433,,{},2019-06-03T03:16:01.000-07:00
"{'shop': ""It's About Time"", 'road': 'Fraser Highway', 'city': 'Langley', 'municipality': 'Langley Township', 'county': 'Metro Vancouver Regional District', 'state': 'British Columbia', 'postcode': 'V3A 4E6', 'country': 'Canada', 'country_code': 'ca'}",clock,Langley,49.1060122,-122.66185700000001,,"{'support': 'pole', 'display': 'analog'}",2019-10-12T05:06:36.000-07:00
"{'amenity': 'Safeguard', 'road': 'Langley Bypass', 'city': 'Langley', 'municipality': 'Langley Township', 'county': 'Metro Vancouver Regional District', 'state': 'British Columbia', 'postcode': 'V3A 0A3', 'country': 'Canada', 'country_code': 'ca'}",dojo,Langley,49.1123482,-122.6542489,Safeguard,{},2019-12-19T08:09:45.000-08:00
"{'road': 'Brydon Lagoon Trail', 'city': 'Langley', 'municipality': 'Langley Township', 'county': 'Metro Vancouver Regional District', 'state': 'British Columbia', 'country': 'Canada', 'country_code': 'ca'}",fountain,Langley,49.098411,-122.678099,,{'operator': 'City of Langley'},2020-01-30T19:51:12.000-08:00
"{'road': 'Brydon Lagoon Trail', 'city': 'Langley', 'municipality': 'Langley Township', 'county': 'Metro Vancouver Regional District', 'state': 'British Columbia', 'country': 'Canada', 'country_code': 'ca'}",fountain,Langley,49.0984273,-122.67721340000001,,{},2020-01-30T19:51:12.000-08:00
"{'amenity': 'Cefa', 'house_number': '20510', 'road': 'Langley Bypass', 'city': 'Langley', 'municipality': 'Langley Township', 'county': 'Metro Vancouver Regional District', 'state': 'British Columbia', 'postcode': 'V3A 0A3', 'country': 'Canada', 'country_code': 'ca'}",kindergarten,Langley,49.112628,-122.6553423,Cefa,"{'addr:housenumber': '20510', 'addr:street': 'Langley Bypass'}",2019-12-19T08:09:45.000-08:00
"{'amenity': 'Douglas Recreation Centre', 'road': 'Douglas Crescent', 'city': 'Langley', 'municipality': 'Langley Township', 'county': 'Metro Vancouver Regional District', 'state': 'British Columbia', 'postcode': 'V3A 4B6', 'country': 'Canada', 'country_code': 'ca'}",kindergarten,Langley,49.1024233,-122.65291950000001,,{},2014-04-17T03:40:29.000-07:00
"{'amenity': 'Langley Centre', 'road': 'Logan Avenue', 'city': 'Langley', 'municipality': 'Langley Township', 'county': 'Metro Vancouver Regional District', 'state': 'British Columbia', 'postcode': 'V3A 4H8', 'country': 'Canada', 'country_code': 'ca'}",bus_station,Langley,49.106031200000004,-122.6539213,Langley Centre,"{'bus': 'yes', 'public_transport': 'station', 'network': 'Translink'}",2019-12-02T07:25:53.000-08:00
"{'road': '203 Street', 'city': 'Langley', 'municipality': 'Langley Township', 'county': 'Metro Vancouver Regional District', 'state': 'British Columbia', 'postcode': 'V3A 9L9', 'country': 'Canada', 'country_code': 'ca'}",nightclub,Langley,49.1058067,-122.6603499,Gabby's Country Cabaret,"{'name:en': ""Gabby's Country Cabaret""}",2019-10-06T22:29:19.000-07:00
"{'building': 'Federal Building', 'house_number': '20408', 'road': 'Douglas Crescent', 'city': 'Langley', 'municipality': 'Langley Township', 'county': 'Metro Vancouver Regional District', 'state': 'British Columbia', 'postcode': 'V3A 1W7', 'country': 'Canada', 'country_code': 'ca'}",police,Langley,49.103294399999996,-122.65616729999999,Langley RCMP (City CPO),"{'phone': '+1-604-514-2870', 'addr:unit': '100'}",2019-12-22T06:06:19.000-08:00
"{'amenity': 'Reading Town Academy', 'house_number': '20212', 'road': 'Fraser Highway', 'city': 'Langley', 'municipality': 'Langley Township', 'county': 'Metro Vancouver Regional District', 'state': 'British Columbia', 'postcode': 'V3A 4E6', 'country': 'Canada', 'country_code': 'ca'}",prep_school,Langley,49.1058604,-122.66249009999999,Reading Town Academy,"{'addr:housenumber': '20212', 'addr:street': 'Fraser Highway', 'level': '1', 'addr:postcode': 'V3A 4E6', 'addr:unit': '200'}",2019-05-07T04:35:01.000-07:00
"{'road': 'Rotary Nicomekl Trail', 'city': 'Langley', 'municipality': 'Langley Township', 'county': 'Metro Vancouver Regional District', 'state': 'British Columbia', 'postcode': 'V3A 0C7', 'country': 'Canada', 'country_code': 'ca'}",shelter,Langley,49.09594050000001,-122.6617682,,"{'bench': 'yes', 'shelter_type': 'sun_shelter'}",2020-05-15T22:20:42.000-07:00
"{'house_number': '20555', 'road': '56 Avenue', 'city': 'Langley', 'municipality': 'Langley Township', 'county': 'Metro Vancouver Regional District', 'state': 'British Columbia', 'postcode': 'V3A 3Y9', 'country': 'Canada', 'country_code': 'ca'}",social_centre,Langley,49.10542879999999,-122.6525635,Royal Canadian Legion - Branch 21 (Langley),"{'addr:housenumber': '20604', 'addr:street': 'Logan Avenue', 'phone': '+1-604-534-3615'}",2018-06-20T15:13:09.000-07:00
"{'amenity': 'Langley Senior Resources Society', 'road': '56 Avenue', 'city': 'Langley', 'municipality': 'Langley Township', 'county': 'Metro Vancouver Regional District', 'state': 'British Columbia', 'postcode': 'V3A 3Y6', 'country': 'Canada', 'country_code': 'ca'}",social_centre,Langley,49.10406920000001,-122.66071699999999,Langley Senior Resources Society,{},2019-10-27T23:44:35.000-07:00
"{'amenity': 'Cascades Casino Hotel', 'house_number': '20393', 'road': 'Fraser Highway', 'city': 'Langley', 'municipality': 'Langley Township', 'county': 'Metro Vancouver Regional District', 'state': 'British Columbia', 'postcode': 'V3A 7N2', 'country': 'Canada', 'country_code': 'ca'}",taxi,Langley,49.10577960000001,-122.6556652,,{},2019-01-25T17:16:46.000-08:00
"{'amenity': 'Langley City Hall', 'house_number': '20399', 'road': 'Douglas Crescent', 'city': 'Langley', 'municipality': 'Langley Township', 'county': 'Metro Vancouver Regional District', 'state': 'British Columbia', 'postcode': 'V3A 1W7', 'country': 'Canada', 'country_code': 'ca'}",townhall,Langley,49.1039579,-122.657255,Langley City Hall,"{'addr:housenumber': '20399', 'addr:street': 'Douglas Crescent'}",2017-07-30T06:00:04.000-07:00
"{'amenity': 'Esso Gas', 'house_number': '6036', 'road': 'Glover Road', 'city': 'Langley', 'municipality': 'Langley Township', 'county': 'Metro Vancouver Regional District', 'state': 'British Columbia', 'postcode': 'V3A 0A3', 'country': 'Canada', 'country_code': 'ca'}",fuel,Langley,49.1119509,-122.645126,Esso Gas,"{'addr:housenumber': '6036', 'fuel:octane_95': 'yes', 'fuel:octane_91': 'yes', 'addr:street': 'Glover Road', 'fuel:diesel': 'yes', 'brand': 'Esso', 'operator': 'Esso'}",2016-10-10T23:10:08.000-07:00
"{'amenity': 'Super Save Gas', 'house_number': '19415', 'road': 'Langley Bypass', 'city': 'Langley', 'municipality': 'Langley Township', 'county': 'Metro Vancouver Regional District', 'state': 'British Columbia', 'postcode': 'V3S 7H1', 'country': 'Canada', 'country_code': 'ca'}",fuel,Langley,49.107372399999996,-122.68580320000001,Super Save Gas,"{'addr:housenumber': '19415', 'addr:street': 'Langley Bypass', 'addr:city': 'Surrey'}",2019-09-13T13:57:04.000-07:00
"{'road': 'Michaud Crescent', 'city': 'Langley', 'municipality': 'Langley Township', 'county': 'Metro Vancouver Regional District', 'state': 'British Columbia', 'postcode': 'V3A 0C7', 'country': 'Canada', 'country_code': 'ca'}",parking,Langley,49.1006425,-122.66564640000001,,"{'parking': 'underground', 'supervised': 'no', 'park_ride': 'no', 'access': 'private', 'fee': 'no', 'layer': '-1'}",2020-03-23T04:55:01.000-07:00
"{'building': 'Stone Gate', 'house_number': '20177', 'road': '54A Avenue', 'city': 'Langley', 'municipality': 'Langley Township', 'county': 'Metro Vancouver Regional District', 'state': 'British Columbia', 'postcode': 'V3A 0C7', 'country': 'Canada', 'country_code': 'ca'}",parking,Langley,49.1018474,-122.6634237,,"{'parking': 'underground', 'supervised': 'no', 'park_ride': 'no', 'access': 'private', 'fee': 'no', 'layer': '-1'}",2020-03-23T04:55:01.000-07:00
"{'road': '201A Street', 'city': 'Langley', 'municipality': 'Langley Township', 'county': 'Metro Vancouver Regional District', 'state': 'British Columbia', 'postcode': 'V3A 0C7', 'country': 'Canada', 'country_code': 'ca'}",parking,Langley,49.10025570000001,-122.66463059999998,,"{'parking': 'underground', 'supervised': 'no', 'park_ride': 'no', 'access': 'private', 'fee': 'no', 'layer': '-1'}",2020-03-23T04:55:01.000-07:00
"{'road': 'Michaud Crescent', 'city': 'Langley', 'municipality': 'Langley Township', 'county': 'Metro Vancouver Regional District', 'state': 'British Columbia', 'postcode': 'V3A 3X4', 'country': 'Canada', 'country_code': 'ca'}",parking,Langley,49.1015287,-122.66743159999999,,"{'parking': 'underground', 'supervised': 'no', 'park_ride': 'no', 'access': 'private', 'fee': 'no', 'layer': '-1'}",2020-03-23T04:38:24.000-07:00
"{'building': 'The Lamplighter', 'house_number': '20051', 'road': '55A Avenue', 'city': 'Langley', 'municipality': 'Langley Township', 'county': 'Metro Vancouver Regional District', 'state': 'British Columbia', 'postcode': 'V3A 3X4', 'country': 'Canada', 'country_code': 'ca'}",parking,Langley,49.1026335,-122.66729690000001,,"{'parking': 'underground', 'supervised': 'no', 'park_ride': 'no', 'access': 'private', 'fee': 'no', 'layer': '-1'}",2019-06-07T13:28:04.000-07:00
"{'building': 'Stepping Stone Community Services Society', 'road': '201 Street', 'city': 'Langley', 'municipality': 'Langley Township', 'county': 'Metro Vancouver Regional District', 'state': 'British Columbia', 'postcode': 'V3A 3X4', 'country': 'Canada', 'country_code': 'ca'}",parking,Langley,49.101912299999995,-122.6669953,,"{'parking': 'underground', 'supervised': 'no', 'park_ride': 'no', 'access': 'private', 'fee': 'no', 'layer': '-1'}",2020-03-23T04:38:24.000-07:00
"{'building': 'Stepping Stone Community Services Society', 'road': '201 Street', 'city': 'Langley', 'municipality': 'Langley Township', 'county': 'Metro Vancouver Regional District', 'state': 'British Columbia', 'postcode': 'V3A 3X4', 'country': 'Canada', 'country_code': 'ca'}",parking,Langley,49.102162799999995,-122.6666946,,"{'parking': 'underground', 'supervised': 'no', 'park_ride': 'no', 'access': 'private', 'fee': 'no', 'layer': '-1'}",2020-03-23T04:38:24.000-07:00
"{'building': 'Langley Lodge', 'road': '204 Street', 'city': 'Langley', 'municipality': 'Langley Township', 'county': 'Metro Vancouver Regional District', 'state': 'British Columbia', 'postcode': 'V3A 1W7', 'country': 'Canada', 'country_code': 'ca'}",parking,Langley,49.1010076,-122.6575565,,"{'parking': 'underground', 'supervised': 'no', 'park_ride': 'no', 'access': 'private', 'fee': 'no', 'layer': '-1'}",2020-03-23T04:55:01.000-07:00
"{'building': 'The Suede', 'house_number': '20219', 'road': '54A Avenue', 'city': 'Langley', 'municipality': 'Langley Township', 'county': 'Metro Vancouver Regional District', 'state': 'British Columbia', 'postcode': 'V3A 0C7', 'country': 'Canada', 'country_code': 'ca'}",parking,Langley,49.1017525,-122.66289579999999,,"{'parking': 'underground', 'supervised': 'no', 'park_ride': 'no', 'access': 'private', 'fee': 'no', 'layer': '-1'}",2020-03-23T04:55:01.000-07:00
"{'tourism': 'West Country Hotel', 'house_number': '20222', 'road': '56 Avenue', 'city': 'Langley', 'municipality': 'Langley Township', 'county': 'Metro Vancouver Regional District', 'state': 'British Columbia', 'postcode': 'V3A 3Y6', 'country': 'Canada', 'country_code': 'ca'}",parking,Langley,49.1040265,-122.662601,,{},2014-04-19T10:25:23.000-07:00
"{'road': '201A Street', 'city': 'Langley', 'municipality': 'Langley Township', 'county': 'Metro Vancouver Regional District', 'state': 'British Columbia', 'postcode': 'V3A 0C7', 'country': 'Canada', 'country_code': 'ca'}",parking,Langley,49.1009971,-122.6650407,,"{'parking': 'underground', 'supervised': 'no', 'park_ride': 'no', 'access': 'private', 'fee': 'no', 'layer': '-1'}",2020-03-23T04:55:01.000-07:00
"{'road': 'Michaud Crescent', 'city': 'Langley', 'municipality': 'Langley Township', 'county': 'Metro Vancouver Regional District', 'state': 'British Columbia', 'postcode': 'V3A 0C7', 'country': 'Canada', 'country_code': 'ca'}",parking,Langley,49.1019383,-122.6637366,,{'access': 'private'},2016-06-13T06:02:52.000-07:00
"{'house_number': '20219', 'road': '54A Avenue', 'city': 'Langley', 'municipality': 'Langley Township', 'county': 'Metro Vancouver Regional District', 'state': 'British Columbia', 'postcode': 'V3A 0C7', 'country': 'Canada', 'country_code': 'ca'}",parking,Langley,49.1016638,-122.66189640000002,,"{'parking': 'carports', 'supervised': 'no', 'park_ride': 'no', 'access': 'permissive', 'fee': 'no'}",2016-06-13T05:46:05.000-07:00
"{'leisure': 'Linwood Park playground', 'road': 'Michaud Crescent', 'city': 'Langley', 'municipality': 'Langley Township', 'county': 'Metro Vancouver Regional District', 'state': 'British Columbia', 'postcode': 'V3A 0C7', 'country': 'Canada', 'country_code': 'ca'}",parking,Langley,49.1012332,-122.66500459999999,,"{'parking': 'underground', 'supervised': 'no', 'park_ride': 'no', 'access': 'private', 'fee': 'no', 'layer': '-1'}",2020-03-23T04:55:01.000-07:00
"{'building': 'The Suede', 'house_number': '20219', 'road': '54A Avenue', 'city': 'Langley', 'municipality': 'Langley Township', 'county': 'Metro Vancouver Regional District', 'state': 'British Columbia', 'postcode': 'V3A 0C7', 'country': 'Canada', 'country_code': 'ca'}",parking,Langley,49.1021891,-122.66243859999999,,"{'parking': 'underground', 'supervised': 'no', 'park_ride': 'no', 'access': 'private', 'fee': 'no', 'layer': '-1'}",2020-03-23T04:55:01.000-07:00
"{'shop': 'Langley Mini Storage', 'road': 'Logan Avenue', 'city': 'Langley', 'municipality': 'Langley Township', 'county': 'Metro Vancouver Regional District', 'state': 'British Columbia', 'postcode': 'V3A 4L9', 'country': 'Canada', 'country_code': 'ca'}",parking_entrance,Langley,49.1071258,-122.6562976,,"{'level': '0', 'access': 'customers'}",2019-05-02T06:04:04.000-07:00
"{'shop': 'Rainbow Mall', 'road': 'Locke Lane', 'city': 'Langley', 'municipality': 'Langley Township', 'county': 'Metro Vancouver Regional District', 'state': 'British Columbia', 'postcode': 'V3A 7N2', 'country': 'Canada', 'country_code': 'ca'}",parking_entrance,Langley,49.1066702,-122.65674080000001,,"{'level': '0', 'access': 'customers'}",2019-05-02T06:04:08.000-07:00
"{'amenity': 'Match Eatery & Public House Langley', 'house_number': '20393', 'road': 'Fraser Highway', 'city': 'Langley', 'municipality': 'Langley Township', 'county': 'Metro Vancouver Regional District', 'state': 'British Columbia', 'postcode': 'V3A 7N2', 'country': 'Canada', 'country_code': 'ca'}",pub,Langley,49.1063467,-122.6569933,Match Eatery & Public House Langley,"{'addr:housenumber': '20393', 'website': 'http://matchpub.com/langley', 'level': '0', 'opening_hours': 'Mo-Th 11:00-00:00;Fr 11:00-02:00;Sa 10:00-02:00;Su 10:00-00:00', 'outdoor_seating': 'yes', 'addr:street': 'Fraser Highway', 'addr:postcode': 'V3A 7N2', 'brand': 'Match Eatery & Public House'}",2019-12-27T03:24:40.000-08:00
"{'amenity': 'Baselines Pub', 'road': 'Fraser Highway', 'city': 'Langley', 'municipality': 'Langley Township', 'county': 'Metro Vancouver Regional District', 'state': 'British Columbia', 'postcode': 'V3A 4G8', 'country': 'Canada', 'country_code': 'ca'}",pub,Langley,49.104928,-122.658331,Baselines Pub,"{'outdoor_seating': 'yes', 'food': 'yes', 'smoking': 'outside'}",2013-05-10T03:47:11.000-07:00
"{'amenity': 'Cash Money', 'road': 'Fraser Highway', 'city': 'Langley', 'municipality': 'Langley Township', 'county': 'Metro Vancouver Regional District', 'state': 'British Columbia', 'postcode': 'V3A 4E6', 'country': 'Canada', 'country_code': 'ca'}",bank,Langley,49.1064631,-122.66252079999998,Cash Money,{},2014-01-12T13:39:25.000-08:00
"{'amenity': 'Westminster Savings Credit Union (WSCU)', 'road': 'Fraser Highway', 'city': 'Langley', 'municipality': 'Langley Township', 'county': 'Metro Vancouver Regional District', 'state': 'British Columbia', 'postcode': 'V3A 4G7', 'country': 'Canada', 'country_code': 'ca'}",bank,Langley,49.1020619,-122.6455147,Westminster Savings Credit Union (WSCU),{'atm': 'yes'},2014-01-04T00:12:09.000-08:00
"{'amenity': 'Scotiabank', 'house_number': '6189', 'road': '200 Street', 'city': 'Langley', 'municipality': 'Langley Township', 'county': 'Metro Vancouver Regional District', 'state': 'British Columbia', 'postcode': 'V2Y 1K9', 'country': 'Canada', 'country_code': 'ca'}",bank,Langley,49.11511160000001,-122.66941200000001,Scotiabank,"{'brand:wikidata': 'Q451476', 'addr:housenumber': '6189', 'brand:wikipedia': 'en:Scotiabank', 'addr:street': '200 Street', 'brand': 'Scotiabank', 'addr:city': 'Langley'}",2019-09-13T13:57:04.000-07:00
"{'building': 'Scotiabank', 'house_number': '2051', 'road': 'Fraser Highway', 'city': 'Langley', 'municipality': 'Langley Township', 'county': 'Metro Vancouver Regional District', 'state': 'British Columbia', 'postcode': 'V3A 4E6', 'country': 'Canada', 'country_code': 'ca'}",bank,Langley,49.1066142,-122.66304650000001,Scotiabank,"{'addr:housenumber': '20151', 'addr:street': 'Fraser Highway', 'addr:city': 'Langley'}",2019-09-13T13:57:07.000-07:00
"{'shop': 'Langley Mall', 'house_number': '5501', 'road': '204 Street', 'city': 'Langley', 'municipality': 'Langley Township', 'county': 'Metro Vancouver Regional District', 'state': 'British Columbia', 'postcode': 'V3A 5N8', 'country': 'Canada', 'country_code': 'ca'}",bicycle_parking,Langley,49.1024922,-122.65786750000001,,"{'bicycle_parking': 'bollard', 'capacity': '3'}",2019-05-02T06:04:04.000-07:00
"{'building': 'Federal Building', 'house_number': '20408', 'road': 'Douglas Crescent', 'city': 'Langley', 'municipality': 'Langley Township', 'county': 'Metro Vancouver Regional District', 'state': 'British Columbia', 'postcode': 'V3A 1W7', 'country': 'Canada', 'country_code': 'ca'}",post_box,Langley,49.1033314,-122.65641570000001,,{'operator': 'Canada Post'},2018-09-01T19:19:36.000-07:00
"{'shop': 'Langley Mall', 'house_number': '5501', 'road': '204 Street', 'city': 'Langley', 'municipality': 'Langley Township', 'county': 'Metro Vancouver Regional District', 'state': 'British Columbia', 'postcode': 'V3A 5N8', 'country': 'Canada', 'country_code': 'ca'}",post_box,Langley,49.1025,-122.65782800000001,,{'operator': 'Canada Post Corporation'},2016-12-26T19:39:19.000-08:00
"{'shop': 'Fabricland', 'road': 'Landmark Way', 'city': 'Langley', 'municipality': 'Langley Township', 'county': 'Metro Vancouver Regional District', 'state': 'British Columbia', 'postcode': 'V3A 4E1', 'country': 'Canada', 'country_code': 'ca'}",post_box,Langley,49.1097675,-122.67779490000001,,{},2019-10-04T07:29:20.000-07:00
"{'shop': 'Langley Mall', 'house_number': '5501', 'road': '204 Street', 'city': 'Langley', 'municipality': 'Langley Township', 'county': 'Metro Vancouver Regional District', 'state': 'British Columbia', 'postcode': 'V3A 5N8', 'country': 'Canada', 'country_code': 'ca'}",dentist,Langley,49.1023083,-122.65828940000002,Denture Clinic,{'healthcare': 'dentist'},2019-12-19T21:23:25.000-08:00
"{'amenity': 'Aspirations Dental', 'road': 'Fraser Highway', 'city': 'Langley', 'municipality': 'Langley Township', 'county': 'Metro Vancouver Regional District', 'state': 'British Columbia', 'postcode': 'V3A 4E6', 'country': 'Canada', 'country_code': 'ca'}",dentist,Langley,49.105477799999996,-122.66067009999999,Aspirations Dental,"{'name:en': 'Aspirations Dental', 'healthcare': 'dentist'}",2019-10-06T22:29:19.000-07:00
"{'amenity': 'Ivory Dental Centre', 'road': 'Industrial Avenue', 'city': 'Langley', 'municipality': 'Langley Township', 'county': 'Metro Vancouver Regional District', 'state': 'British Columbia', 'postcode': 'V3A 9L9', 'country': 'Canada', 'country_code': 'ca'}",dentist,Langley,49.1068326,-122.66176829999999,Ivory Dental Centre,{'healthcare': 'dentist'},2019-10-06T22:29:19.000-07:00
"{'amenity': 'Langley Mall', 'house_number': '5501', 'road': '204 Street', 'city': 'Langley', 'municipality': 'Langley Township', 'county': 'Metro Vancouver Regional District', 'state': 'British Columbia', 'postcode': 'V3A 5N0', 'country': 'Canada', 'country_code': 'ca'}",post_office,Langley,49.102310100000004,-122.65809579999998,Langley Mall,"{'brand:wikidata': 'Q1032001', 'brand:wikipedia': 'en:Canada Post', 'opening_hours': 'Mo-Sa 09:00-17:30', 'addr:postcode': 'V3A 5N0', 'brand': 'Canada Post', 'operator': 'Canada Post'}",2020-02-22T07:07:08.000-08:00
"{'road': '198 Street', 'city': 'Langley', 'municipality': 'Langley Township', 'county': 'Metro Vancouver Regional District', 'state': 'British Columbia', 'postcode': 'V3A 3V9', 'country': 'Canada', 'country_code': 'ca'}",toilets,Langley,49.0999671,-122.67470890000001,,"{'unisex': 'yes', 'toilets:disposal': 'flush', 'access': 'yes'}",2020-05-15T22:13:40.000-07:00
"{'road': '48 Avenue', 'city': 'Langley', 'municipality': 'Langley Township', 'county': 'Metro Vancouver Regional District', 'state': 'British Columbia', 'postcode': 'V3A 3V9', 'country': 'Canada', 'country_code': 'ca'}",waste_basket,Langley,49.089271200000006,-122.67759939999999,,{},2019-10-01T19:34:11.000-07:00
"{'amenity': 'Starbucks', 'house_number': '20151', 'road': 'Fraser Highway', 'city': 'Langley', 'municipality': 'Langley Township', 'county': 'Metro Vancouver Regional District', 'state': 'British Columbia', 'postcode': 'V3A 4E6', 'country': 'Canada', 'country_code': 'ca'}",cafe,Langley,49.106361799999995,-122.662628,Starbucks,"{'brand:wikidata': 'Q37158', 'official_name': 'Starbucks Coffee', 'website': 'https://www.starbucks.ca/', 'internet_access': 'wlan', 'brand:wikipedia': 'en:Starbucks', 'cuisine': 'coffee_shop', 'takeaway': 'yes', 'addr:housenumber': '20151', 'phone': '+1-604-533-7015', 'opening_hours': 'Mo-Fr 05:00-22:30; Sa 06:00-22:30; Su 06:30-22:00', 'addr:street': 'Fraser Highway', 'brand': 'Starbucks'}",2020-01-07T16:39:13.000-08:00
"{'amenity': 'Tim Hortons', 'house_number': '6036', 'road': 'Glover Road', 'city': 'Langley', 'municipality': 'Langley Township', 'county': 'Metro Vancouver Regional District', 'state': 'British Columbia', 'postcode': 'V3A 0A3', 'country': 'Canada', 'country_code': 'ca'}",cafe,Langley,49.111986,-122.64470759999999,Tim Hortons,"{'brand:wikidata': 'Q175106', 'addr:housenumber': '6036', 'internet_access': 'no', 'brand:wikipedia': 'en:Tim Hortons', 'internet_access:fee': 'yes', 'cuisine': 'coffee_shop', 'addr:street': 'Glover Road', 'takeaway': 'yes', 'brand': 'Tim Hortons'}",2019-06-07T13:28:04.000-07:00
"{'amenity': 'Twins Coffee', 'road': 'Duncan Way', 'city': 'Langley', 'municipality': 'Langley Township', 'county': 'Metro Vancouver Regional District', 'state': 'British Columbia', 'postcode': 'V3A 0C2', 'country': 'Canada', 'country_code': 'ca'}",cafe,Langley,49.1091493,-122.6500672,Twins Coffee,{'level': '0'},2019-05-07T13:26:08.000-07:00
"{'amenity': 'Gossip Corner Cafe', 'road': '198 Street', 'city': 'Langley', 'municipality': 'Langley Township', 'county': 'Metro Vancouver Regional District', 'state': 'British Columbia', 'postcode': 'V3A 0A5', 'country': 'Canada', 'country_code': 'ca'}",cafe,Langley,49.105677899999996,-122.6728154,Gossip Corner Cafe,{},2020-03-27T22:50:00.000-07:00
"{'amenity': 'Coastal Coffee House', 'house_number': '20555', 'road': '56 Avenue', 'city': 'Langley', 'municipality': 'Langley Township', 'county': 'Metro Vancouver Regional District', 'state': 'British Columbia', 'postcode': 'V3A 3Y9', 'country': 'Canada', 'country_code': 'ca'}",cafe,Langley,49.1048977,-122.65149070000001,Coastal Coffee House,"{'addr:housenumber': '20555', 'addr:street': '56 Avenue', 'addr:city': 'Langley'}",2019-09-13T13:57:07.000-07:00
"{'amenity': 'Corner Cafe', 'house_number': '19415', 'road': '56 Avenue', 'city': 'Langley', 'municipality': 'Langley Township', 'county': 'Metro Vancouver Regional District', 'state': 'British Columbia', 'postcode': 'V3S 7H1', 'country': 'Canada', 'country_code': 'ca'}",cafe,Langley,49.1047723,-122.6852361,Corner Cafe,"{'addr:housenumber': '19415', 'outdoor_seating': 'no', 'addr:street': '56 Avenue', 'addr:unit': '101', 'addr:city': 'Surrey'}",2019-09-28T08:42:36.000-07:00
"{'amenity': 'Frosting Cupcakery & Bake Shop', 'house_number': '20411', 'road': 'Fraser Highway', 'city': 'Langley', 'municipality': 'Langley Township', 'county': 'Metro Vancouver Regional District', 'state': 'British Columbia', 'postcode': 'V3A 4G2', 'country': 'Canada', 'country_code': 'ca'}",cafe,Langley,49.104712799999994,-122.6558244,Frosting Cupcakery & Bake Shop,"{'addr:housenumber': '20411', 'website': 'https://frostingcupcakery.com/', 'opening_hours': 'Mo off, Tu-Th 10:00-18:00, Fr-Sa 09:00-18:00, Su 10:00-17:00', 'addr:street': 'Fraser Highway', 'addr:postcode': 'V3A 4G2', 'addr:city': 'Langley'}",2019-09-13T13:57:03.000-07:00
"{'amenity': 'Lemon Bakery', 'house_number': '102-20108', 'road': 'Fraser Highway', 'city': 'Langley', 'municipality': 'Langley Township', 'county': 'Metro Vancouver Regional District', 'state': 'British Columbia', 'postcode': 'V3A 4E5', 'country': 'Canada', 'country_code': 'ca'}",cafe,Langley,49.107110399999996,-122.66565200000001,Lemon Bakery,"{'addr:housenumber': '102-20108', 'website': 'http://lemonbakery.ca/', 'opening_hours': 'Mo-Fr 09:00-16:30, Sa 09:00-16:00', 'addr:street': 'Fraser Highway', 'addr:postcode': 'V3A 4E5', 'addr:city': 'Langley'}",2019-09-13T13:57:03.000-07:00
"{'amenity': 'Starbucks', 'house_number': '20831', 'road': 'Fraser Highway', 'city': 'Langley', 'municipality': 'Langley Township', 'county': 'Metro Vancouver Regional District', 'state': 'British Columbia', 'postcode': 'V3A 4G7', 'country': 'Canada', 'country_code': 'ca'}",cafe,Langley,49.1020894,-122.6457196,Starbucks,"{'brand:wikidata': 'Q37158', 'official_name': 'Starbucks Coffee', 'website': 'https://www.starbucks.ca/', 'internet_access': 'wlan', 'brand:wikipedia': 'en:Starbucks', 'cuisine': 'coffee_shop', 'takeaway': 'yes', 'addr:housenumber': '20831', 'phone': '+1-604-532-0922', 'opening_hours': 'Mo-Fr 05:00-21:30; Sa-Su 05:30-21:30', 'name:en': 'Starbucks', 'addr:street': 'Fraser Highway', 'brand': 'Starbucks'}",2020-01-07T16:31:47.000-08:00
"{'amenity': 'Starbucks', 'house_number': '19898', 'road': 'Langley Bypass', 'city': 'Langley', 'municipality': 'Langley Township', 'county': 'Metro Vancouver Regional District', 'state': 'British Columbia', 'postcode': 'V3A 4E1', 'country': 'Canada', 'country_code': 'ca'}",cafe,Langley,49.112806899999995,-122.6724406,Starbucks,"{'brand:wikidata': 'Q37158', 'official_name': 'Starbucks Coffee', 'website': 'https://www.starbucks.ca/', 'internet_access': 'wlan', 'brand:wikipedia': 'en:Starbucks', 'cuisine': 'coffee_shop', 'takeaway': 'yes', 'addr:housenumber': '19898', 'phone': '+1-604-217-7393', 'opening_hours': 'Mo-Fr 05:00-21:00; Su 06:30-21:00; Sa 06:00-21:00', 'name:en': 'Starbucks', 'addr:street': 'Langley Bypass', 'brand': 'Starbucks'}",2020-01-17T08:20:56.000-08:00
"{'amenity': 'Mc Burney Coffee & Tea House', 'house_number': '20504', 'road': 'Fraser Highway', 'city': 'Langley', 'municipality': 'Langley Township', 'county': 'Metro Vancouver Regional District', 'state': 'British Columbia', 'postcode': 'V3A 4G2', 'country': 'Canada', 'country_code': 'ca'}",cafe,Langley,49.1040175,-122.6539858,Mc Burney Coffee & Tea House,"{'opening_hours': 'Mo-Sa 08:00-20:00; Su 09:00-18:00', 'addr:housenumber': '20504', 'addr:street': 'Fraser Highway', 'addr:postcode': 'V3A 4G2'}",2017-10-04T10:27:18.000-07:00
"{'amenity': ""Estrella's Montreal Deli & Cafe"", 'house_number': '5932', 'road': 'Industrial Avenue', 'city': 'Langley', 'municipality': 'Langley Township', 'county': 'Metro Vancouver Regional District', 'state': 'British Columbia', 'postcode': 'V3A 4Y1', 'country': 'Canada', 'country_code': 'ca'}",cafe,Langley,49.1102191,-122.668383,Estrella's Montreal Deli & Cafe,"{'addr:housenumber': '5932', 'addr:street': '200th St'}",2014-01-02T19:48:03.000-08:00
"{'amenity': ""Papa John's"", 'house_number': '20811', 'road': 'Fraser Highway', 'city': 'Langley', 'municipality': 'Langley Township', 'county': 'Metro Vancouver Regional District', 'state': 'British Columbia', 'postcode': 'V3A 4G7', 'country': 'Canada', 'country_code': 'ca'}",fast_food,Langley,49.1025718,-122.64638020000001,Papa John's,"{'brand:wikidata': 'Q2759586', 'addr:province': 'BC', 'addr:housenumber': '20811', 'brand:wikipedia': ""en:Papa John's Pizza"", 'cuisine': 'pizza', 'addr:street': 'Fraser Highway', 'takeaway': 'yes', 'brand': ""Papa John's"", 'addr:unit': '17', 'addr:city': 'Langley'}",2020-02-03T00:51:41.000-08:00
"{'amenity': 'Dairy Queen', 'road': 'Langley Bypass', 'city': 'Langley', 'municipality': 'Langley Township', 'county': 'Metro Vancouver Regional District', 'state': 'British Columbia', 'postcode': 'V3A 4E1', 'country': 'Canada', 'country_code': 'ca'}",fast_food,Langley,49.113970200000004,-122.6699507,Dairy Queen,"{'brand:wikidata': 'Q1141226', 'internet_access': 'wlan', 'brand:wikipedia': 'en:Dairy Queen', 'internet_access:fee': 'no', 'cuisine': 'ice_cream;burger', 'takeaway': 'yes', 'brand': 'Dairy Queen'}",2019-11-23T22:35:53.000-08:00
"{'amenity': 'Quiznos', 'road': '200 Street', 'city': 'Langley', 'municipality': 'Langley Township', 'county': 'Metro Vancouver Regional District', 'state': 'British Columbia', 'postcode': 'V2Y 2T4', 'country': 'Canada', 'country_code': 'ca'}",fast_food,Langley,49.1144032,-122.6679644,Quiznos,"{'brand:wikidata': 'Q1936229', 'website': 'http://www.quiznos.ca', 'brand:wikipedia': 'en:Quiznos', 'cuisine': 'sandwich', 'takeaway': 'yes', 'brand': 'Quiznos', 'addr:unit': '255'}",2019-06-07T13:28:04.000-07:00
"{'shop': 'Rainbow Mall', 'road': 'Locke Lane', 'city': 'Langley', 'municipality': 'Langley Township', 'county': 'Metro Vancouver Regional District', 'state': 'British Columbia', 'postcode': 'V3A 7N2', 'country': 'Canada', 'country_code': 'ca'}",fast_food,Langley,49.1061885,-122.65516799999999,Westcoast Pizza,{'cuisine': 'pizza'},2019-10-27T22:52:34.000-07:00
"{'amenity': 'Subway', 'road': '56 Avenue', 'city': 'Langley', 'municipality': 'Langley Township', 'county': 'Metro Vancouver Regional District', 'state': 'British Columbia', 'postcode': 'V3A 3Y6', 'country': 'Canada', 'country_code': 'ca'}",fast_food,Langley,49.10446560000001,-122.65983759999999,Subway,"{'brand:wikidata': 'Q244457', 'cuisine': 'sandwich', 'takeaway': 'yes', 'brand': 'Subway', 'brand:wikipedia': 'en:Subway (restaurant)'}",2019-06-07T13:28:04.000-07:00
"{'amenity': 'Panago', 'road': 'Langley Bypass', 'city': 'Langley', 'municipality': 'Langley Township', 'county': 'Metro Vancouver Regional District', 'state': 'British Columbia', 'postcode': 'V3A 4E1', 'country': 'Canada', 'country_code': 'ca'}",fast_food,Langley,49.1139708,-122.6702357,Panago,"{'brand:wikidata': 'Q17111672', 'cuisine': 'pizza', 'takeaway': 'yes', 'brand': 'Panago', 'brand:wikipedia': 'en:Panago'}",2020-01-17T08:20:56.000-08:00
"{'amenity': 'Red Wings', 'road': 'Langley Bypass', 'city': 'Langley', 'municipality': 'Langley Township', 'county': 'Metro Vancouver Regional District', 'state': 'British Columbia', 'postcode': 'V3A 4E1', 'country': 'Canada', 'country_code': 'ca'}",fast_food,Langley,49.113969899999994,-122.6702933,Red Wings,{},2019-11-23T22:35:53.000-08:00
"{'amenity': 'Subway', 'road': 'Fraser Highway', 'city': 'Langley', 'municipality': 'Langley Township', 'county': 'Metro Vancouver Regional District', 'state': 'British Columbia', 'postcode': 'V3A 4G7', 'country': 'Canada', 'country_code': 'ca'}",fast_food,Langley,49.102706500000004,-122.6449963,Subway,"{'brand:wikidata': 'Q244457', 'cuisine': 'sandwich', 'takeaway': 'yes', 'brand': 'Subway', 'brand:wikipedia': 'en:Subway (restaurant)'}",2020-01-07T16:31:47.000-08:00
"{'amenity': 'Donair Hut', 'road': 'Fraser Highway', 'city': 'Langley', 'municipality': 'Langley Township', 'county': 'Metro Vancouver Regional District', 'state': 'British Columbia', 'postcode': 'V3A 4G2', 'country': 'Canada', 'country_code': 'ca'}",fast_food,Langley,49.1044759,-122.65602009999999,Donair Hut,{},2019-05-02T07:27:43.000-07:00
"{'amenity': 'Subway', 'road': 'Logan Avenue', 'city': 'Langley', 'municipality': 'Langley Township', 'county': 'Metro Vancouver Regional District', 'state': 'British Columbia', 'postcode': 'V3A 4Y1', 'country': 'Canada', 'country_code': 'ca'}",fast_food,Langley,49.1110781,-122.66826200000001,Subway,"{'brand:wikidata': 'Q244457', 'brand:wikipedia': 'en:Subway (restaurant)', 'cuisine': 'sandwich', 'source': 'local_knowledge', 'takeaway': 'yes', 'brand': 'Subway'}",2019-06-07T13:28:04.000-07:00
"{'amenity': 'Panago', 'road': '56 Avenue', 'city': 'Langley', 'municipality': 'Langley Township', 'county': 'Metro Vancouver Regional District', 'state': 'British Columbia', 'postcode': 'V3A 3Y6', 'country': 'Canada', 'country_code': 'ca'}",fast_food,Langley,49.1039933,-122.66156370000002,Panago,"{'brand:wikidata': 'Q17111672', 'cuisine': 'pizza', 'takeaway': 'yes', 'brand': 'Panago', 'brand:wikipedia': 'en:Panago'}",2019-10-27T23:44:35.000-07:00
"{'amenity': 'Chipotle', 'house_number': '19898', 'road': 'Langley Bypass', 'city': 'Langley', 'municipality': 'Langley Township', 'county': 'Metro Vancouver Regional District', 'state': 'British Columbia', 'postcode': 'V3A 4E1', 'country': 'Canada', 'country_code': 'ca'}",fast_food,Langley,49.1126928,-122.6723021,Chipotle,"{'brand:wikidata': 'Q465751', 'official_name': 'Chipotle Mexican Grill', 'addr:housenumber': '19898', 'brand:wikipedia': 'en:Chipotle Mexican Grill', 'cuisine': 'mexican', 'addr:street': 'Langley Bypass', 'takeaway': 'yes', 'brand': 'Chipotle', 'addr:unit': '110', 'addr:city': 'Langley'}",2019-09-13T13:56:59.000-07:00
"{'amenity': ""Robin's Donuts"", 'house_number': '301-20300', 'road': 'Fraser Highway', 'city': 'Langley', 'municipality': 'Langley Township', 'county': 'Metro Vancouver Regional District', 'state': 'British Columbia', 'postcode': 'V3A 4G8', 'country': 'Canada', 'country_code': 'ca'}",fast_food,Langley,49.1051536,-122.6594585,Robin's Donuts,"{'brand:wikidata': 'Q7352199', 'addr:housenumber': '301-20300', 'brand:wikipedia': ""en:Robin's Donuts"", 'cuisine': 'donut', 'short_name': ""Robin's"", 'addr:street': 'Fraser Highway', 'takeaway': 'yes', 'brand': ""Robin's Donuts"", 'addr:city': 'Langley'}",2020-01-07T16:39:13.000-08:00
"{'amenity': 'Dairy Queen', 'house_number': '20300', 'road': 'Fraser Highway', 'city': 'Langley', 'municipality': 'Langley Township', 'county': 'Metro Vancouver Regional District', 'state': 'British Columbia', 'postcode': 'V3A 4G8', 'country': 'Canada', 'country_code': 'ca'}",fast_food,Langley,49.105008700000006,-122.6598889,Dairy Queen,"{'brand:wikidata': 'Q1141226', 'addr:housenumber': '20300', 'brand:wikipedia': 'en:Dairy Queen', 'cuisine': 'ice_cream;burger', 'addr:street': 'Fraser Highway', 'takeaway': 'yes', 'brand': 'Dairy Queen', 'addr:city': 'Langley'}",2019-09-13T13:57:03.000-07:00
"{'amenity': 'Hot Spot Pizza', 'house_number': '101-20631', 'road': 'Fraser Highway', 'city': 'Langley', 'municipality': 'Langley Township', 'county': 'Metro Vancouver Regional District', 'state': 'British Columbia', 'postcode': 'V3A 4G7', 'country': 'Canada', 'country_code': 'ca'}",fast_food,Langley,49.1039632,-122.6505489,Hot Spot Pizza,"{'addr:housenumber': '101-20631', 'addr:street': 'Fraser Highway', 'addr:city': 'Langley'}",2019-09-13T13:57:03.000-07:00
"{'amenity': 'Ming & Sing Chinese Express', 'road': 'Langley Bypass', 'city': 'Langley', 'municipality': 'Langley Township', 'county': 'Metro Vancouver Regional District', 'state': 'British Columbia', 'postcode': 'V3A 9J7', 'country': 'Canada', 'country_code': 'ca'}",restaurant,Langley,49.1129314,-122.66570520000002,Ming & Sing Chinese Express,"{'cuisine': 'chinese', 'addr:unit': 'C020'}",2018-04-05T21:58:26.000-07:00
"{'house_number': '20080', 'road': 'Langley Bypass', 'city': 'Langley', 'municipality': 'Langley Township', 'county': 'Metro Vancouver Regional District', 'state': 'British Columbia', 'postcode': 'V3A 9J7', 'country': 'Canada', 'country_code': 'ca'}",restaurant,Langley,49.1129898,-122.666724,Olive Garden,"{'brand:wikidata': 'Q3045312', 'website': 'https://www.olivegarden.com/locations/bc/langley/langley-rio-can-centre/4346', 'microbrewery': 'no', 'brand:wikipedia': 'en:Olive Garden', 'cuisine': 'italian', 'addr:postcode': 'V3A 9J7', 'addr:housenumber': '20080', 'phone': '+1-604-514-3499', 'opening_hours': 'Su-Th 11:00-22:00; Fr-Sa 11:00-23:00', 'outdoor_seating': 'no', 'addr:street': 'Langley Bypass', 'brand': 'Olive Garden'}",2020-01-04T17:35:16.000-08:00
"{'house_number': '20100', 'road': 'Langley Bypass', 'city': 'Langley', 'municipality': 'Langley Township', 'county': 'Metro Vancouver Regional District', 'state': 'British Columbia', 'postcode': 'V3A 9J7', 'country': 'Canada', 'country_code': 'ca'}",restaurant,Langley,49.1130445,-122.665058,Montana's,"{'brand:wikidata': 'Q17022490', 'official_name': ""Montana's BBQ & Bar"", 'addr:housenumber': '20100', 'brand:wikipedia': ""en:Montana's BBQ & Bar"", 'cuisine': 'barbecue', 'addr:street': 'Langley Bypass', 'addr:postcode': 'V3A 9J7', 'brand': ""Montana's"", 'addr:unit': 'D010'}",2019-10-29T07:33:16.000-07:00
"{'amenity': ""Original Joe's Restaurant & Bar"", 'house_number': '11-20811', 'road': 'Fraser Highway', 'city': 'Langley', 'municipality': 'Langley Township', 'county': 'Metro Vancouver Regional District', 'state': 'British Columbia', 'postcode': 'V3A 4G7', 'country': 'Canada', 'country_code': 'ca'}",restaurant,Langley,49.102313099999996,-122.64646129999998,Original Joe's Restaurant & Bar,"{'addr:housenumber': '11-20811', 'addr:housename': ""Original Joe's Restaurant & Bar"", 'website': 'https://www.originaljoes.ca/', 'addr:street': 'Fraser Highway', 'addr:postcode': 'V3A 4G7', 'addr:city': 'Langley '}",2018-08-30T20:34:50.000-07:00
"{'amenity': 'Boston Pizza', 'road': 'Langley Bypass', 'city': 'Langley', 'municipality': 'Langley Township', 'county': 'Metro Vancouver Regional District', 'state': 'British Columbia', 'postcode': 'V3S 7H1', 'country': 'Canada', 'country_code': 'ca'}",restaurant,Langley,49.110595,-122.6768607,Boston Pizza,"{'brand:wikidata': 'Q894578', 'cuisine': 'pizza', 'brand': 'Boston Pizza', 'brand:wikipedia': 'en:Boston Pizza'}",2019-03-18T03:18:58.000-07:00
"{'amenity': ""White Spot Triple-O's"", 'road': 'Langley Bypass', 'city': 'Langley', 'municipality': 'Langley Township', 'county': 'Metro Vancouver Regional District', 'state': 'British Columbia', 'postcode': 'V3A 9J7', 'country': 'Canada', 'country_code': 'ca'}",restaurant,Langley,49.1130331,-122.66569979999998,White Spot Triple-O's,"{'cuisine': 'burger', 'addr:unit': 'C010'}",2018-04-05T21:58:26.000-07:00
"{'house_number': '20190', 'road': 'Langley Bypass', 'city': 'Langley', 'municipality': 'Langley Township', 'county': 'Metro Vancouver Regional District', 'state': 'British Columbia', 'postcode': 'V3A 9J9', 'country': 'Canada', 'country_code': 'ca'}",restaurant,Langley,49.1129178,-122.6625851,Nando's,"{'brand:wikidata': 'Q3472954', 'addr:housenumber': '20190', 'website': 'https://www.nandos.ca/eat/restaurants/langley', 'brand:wikipedia': ""en:Nando's"", 'cuisine': 'chicken;portuguese', 'addr:street': 'Langley Bypass', 'brand': ""Nando's"", 'addr:unit': 'G030'}",2019-06-07T13:28:04.000-07:00
"{'amenity': 'Cactus Club Cafe', 'house_number': '6070', 'road': '200 Street', 'city': 'Langley', 'municipality': 'Langley Township', 'county': 'Metro Vancouver Regional District', 'state': 'British Columbia', 'postcode': 'V3A 4Y1', 'country': 'Canada', 'country_code': 'ca'}",restaurant,Langley,49.1129138,-122.66810840000001,Cactus Club Cafe,"{'cuisine': 'international', 'addr:housenumber': '6070', 'addr:street': '200 Street'}",2018-10-29T03:49:08.000-07:00
"{'amenity': 'Freshii', 'house_number': '20821', 'road': 'Fraser Highway', 'city': 'Langley', 'municipality': 'Langley Township', 'county': 'Metro Vancouver Regional District', 'state': 'British Columbia', 'postcode': 'V3A 4G7', 'country': 'Canada', 'country_code': 'ca'}",restaurant,Langley,49.1026873,-122.6456899,Freshii,"{'brand:wikidata': 'Q5503051', 'addr:province': 'BC', 'addr:housenumber': '20821', 'brand:wikipedia': 'en:Freshii', 'cuisine': 'salad', 'addr:street': 'Fraser Highway', 'brand': 'Freshii', 'addr:unit': '37', 'addr:city': 'Langley'}",2020-02-03T00:51:41.000-08:00
"{'amenity': 'Chef Sushi Restaurant', 'house_number': '20811', 'road': 'Fraser Highway', 'city': 'Langley', 'municipality': 'Langley Township', 'county': 'Metro Vancouver Regional District', 'state': 'British Columbia', 'postcode': 'V3A 4G7', 'country': 'Canada', 'country_code': 'ca'}",restaurant,Langley,49.102683899999995,-122.64637250000001,Chef Sushi Restaurant,"{'addr:province': 'BC', 'addr:housenumber': '20811', 'cuisine': 'sushi', 'addr:street': 'Fraser Highway', 'addr:unit': '21', 'addr:city': 'Langley'}",2020-02-03T00:51:41.000-08:00
"{'amenity': ""Dal's Poke"", 'house_number': '5492', 'road': 'Salt Lane', 'city': 'Langley', 'municipality': 'Langley Township', 'county': 'Metro Vancouver Regional District', 'state': 'British Columbia', 'postcode': 'V3A 3Y9', 'country': 'Canada', 'country_code': 'ca'}",restaurant,Langley,49.104255200000004,-122.6528565,Dal's Poke,"{'addr:province': 'BC', 'addr:housenumber': '5492', 'addr:street': 'Salt Lane', 'addr:city': 'Langley'}",2020-02-03T00:51:41.000-08:00
"{'amenity': 'Viva Mexico Restaurant Grill & Cantina', 'house_number': '20559', 'road': 'Fraser Highway', 'city': 'Langley', 'municipality': 'Langley Township', 'county': 'Metro Vancouver Regional District', 'state': 'British Columbia', 'postcode': 'V3A 4G2', 'country': 'Canada', 'country_code': 'ca'}",restaurant,Langley,49.1042029,-122.65345819999999,Viva Mexico Restaurant Grill & Cantina,"{'addr:province': 'BC', 'addr:housenumber': '20559', 'cuisine': 'mexican', 'addr:street': 'Fraser Highway', 'addr:unit': '103', 'addr:city': 'Langley'}",2020-02-03T00:51:41.000-08:00
"{'amenity': ""Brown's Socialhouse Langley Centre"", 'road': '62 Avenue', 'city': 'Langley', 'municipality': 'Langley Township', 'county': 'Metro Vancouver Regional District', 'state': 'British Columbia', 'postcode': 'V2Y 2T4', 'country': 'Canada', 'country_code': 'ca'}",restaurant,Langley,49.114931899999995,-122.6680737,Brown's Socialhouse Langley Centre,"{'website': 'http://brownssocialhouse.com/langley', 'phone': '+1-604-510-2610', 'opening_hours': 'Mo-We 11:00-23:00; Th-Fr 11:00-00:00; Sa 10:00-00:00; Su 10:00-23:00', 'cuisine': 'regional', 'outdoor_seating': 'yes', 'addr:unit': 'B101'}",2019-09-02T22:08:26.000-07:00
"{'amenity': 'SushiCo Japanese Restaurant', 'road': '62 Avenue', 'city': 'Langley', 'municipality': 'Langley Township', 'county': 'Metro Vancouver Regional District', 'state': 'British Columbia', 'postcode': 'V2Y 2T4', 'country': 'Canada', 'country_code': 'ca'}",restaurant,Langley,49.114985299999994,-122.66788500000001,SushiCo Japanese Restaurant,"{'cuisine': 'sushi', 'website': 'http://sushigo.com', 'addr:unit': 'B102'}",2018-04-05T21:58:20.000-07:00
"{'amenity': 'Firecrust Neapolitan Pizzeria', 'house_number': '20160', 'road': 'Langley Bypass', 'city': 'Langley', 'municipality': 'Langley Township', 'county': 'Metro Vancouver Regional District', 'state': 'British Columbia', 'postcode': 'V3A 9J7', 'country': 'Canada', 'country_code': 'ca'}",restaurant,Langley,49.112947999999996,-122.66384140000001,Firecrust Neapolitan Pizzeria,"{'cuisine': 'pizza', 'website': 'https://www.firecrustpizzeria.com', 'addr:unit': 'F030'}",2018-04-05T21:58:27.000-07:00
"{'amenity': 'Poseidon Greek Restaurant', 'house_number': '20795', 'road': 'Fraser Highway', 'city': 'Langley', 'municipality': 'Langley Township', 'county': 'Metro Vancouver Regional District', 'state': 'British Columbia', 'postcode': 'V3A 4G7', 'country': 'Canada', 'country_code': 'ca'}",restaurant,Langley,49.1025494,-122.6471192,Poseidon Greek Restaurant,"{'addr:housenumber': '20795', 'website': 'https://poseidonrestaurant.ca/', 'addr:street': 'Fraser Highway', 'addr:city': 'Langley'}",2019-03-19T01:48:45.000-07:00
"{'amenity': 'Rickys Country Restaurant', 'house_number': '5978', 'road': 'Glover Road', 'city': 'Langley', 'municipality': 'Langley Township', 'county': 'Metro Vancouver Regional District', 'state': 'British Columbia', 'postcode': 'V3A 0C2', 'country': 'Canada', 'country_code': 'ca'}",restaurant,Langley,49.110960299999995,-122.6464696,Rickys Country Restaurant,{},2017-03-12T22:50:32.000-07:00
"{'amenity': 'Cascades Casino Hotel', 'house_number': '20393', 'road': 'Fraser Highway', 'city': 'Langley', 'municipality': 'Langley Township', 'county': 'Metro Vancouver Regional District', 'state': 'British Columbia', 'postcode': 'V3A 7N2', 'country': 'Canada', 'country_code': 'ca'}",restaurant,Langley,49.1058814,-122.65704129999999,Atlas Steak + Fish,"{'cuisine:steak_house': 'yes', 'cuisine:seafood': 'yes', 'cuisine': 'steak_house;seafood'}",2019-11-18T00:17:33.000-08:00
"{'amenity': 'Dragon Garden', 'house_number': '20151', 'road': 'Fraser Highway', 'city': 'Langley', 'municipality': 'Langley Township', 'county': 'Metro Vancouver Regional District', 'state': 'British Columbia', 'postcode': 'V3A 4E6', 'country': 'Canada', 'country_code': 'ca'}",restaurant,Langley,49.1071012,-122.6619273,Dragon Garden,"{'cuisine': 'chinese', 'addr:housenumber': '20151', 'addr:street': 'Fraser Highway', 'addr:unit': '105', 'addr:city': 'Langley'}",2019-10-06T22:29:19.000-07:00
"{'shop': 'M.E. Plaza', 'road': 'Fraser Highway', 'city': 'Langley', 'municipality': 'Langley Township', 'county': 'Metro Vancouver Regional District', 'state': 'British Columbia', 'postcode': 'V3A 4E6', 'country': 'Canada', 'country_code': 'ca'}",restaurant,Langley,49.1052045,-122.66232690000001,Akedo Showten Ramen+Gyoza,"{'cuisine': 'japanese', 'addr:housenumber': '20236', 'addr:street': 'Fraser Highway', 'level': '0', 'addr:postcode': 'V3A 4E6'}",2019-05-07T04:35:00.000-07:00
"{'amenity': 'Cascades Casino Hotel', 'house_number': '20393', 'road': 'Fraser Highway', 'city': 'Langley', 'municipality': 'Langley Township', 'county': 'Metro Vancouver Regional District', 'state': 'British Columbia', 'postcode': 'V3A 7N2', 'country': 'Canada', 'country_code': 'ca'}",restaurant,Langley,49.1060882,-122.6560645,The Buffet,{'cuisine': 'american'},2019-11-18T00:17:33.000-08:00
"{'amenity': 'Annora Restaurant', 'road': '204 Street', 'city': 'Langley', 'municipality': 'Langley Township', 'county': 'Metro Vancouver Regional District', 'state': 'British Columbia', 'postcode': 'V3A 1W7', 'country': 'Canada', 'country_code': 'ca'}",restaurant,Langley,49.10423400000001,-122.656332,Annora Restaurant,{},2019-05-02T07:27:43.000-07:00
"{'amenity': 'Sushi Tamaru', 'road': '204 Street', 'city': 'Langley', 'municipality': 'Langley Township', 'county': 'Metro Vancouver Regional District', 'state': 'British Columbia', 'postcode': 'V3A 1W7', 'country': 'Canada', 'country_code': 'ca'}",restaurant,Langley,49.1042906,-122.6563311,Sushi Tamaru,{'cuisine': 'sushi'},2019-05-02T07:27:43.000-07:00
"{'shop': 'Skye Hair Salon', 'road': 'Fraser Highway', 'city': 'Langley', 'municipality': 'Langley Township', 'county': 'Metro Vancouver Regional District', 'state': 'British Columbia', 'postcode': 'V3A 4G2', 'country': 'Canada', 'country_code': 'ca'}",restaurant,Langley,49.1044394,-122.6562645,Old Yale Bistro,{},2019-05-02T07:27:44.000-07:00
"{'amenity': 'Golden River', 'road': 'Fraser Highway', 'city': 'Langley', 'municipality': 'Langley Township', 'county': 'Metro Vancouver Regional District', 'state': 'British Columbia', 'postcode': 'V3A 4G7', 'country': 'Canada', 'country_code': 'ca'}",restaurant,Langley,49.1027064,-122.6450894,Golden River,"{'description': 'Chinese Food Express', 'cuisine': 'chinese'}",2018-04-03T08:13:05.000-07:00
"{'amenity': 'Pizza Factory', 'house_number': '20285', 'road': '56 Avenue', 'city': 'Langley', 'municipality': 'Langley Township', 'county': 'Metro Vancouver Regional District', 'state': 'British Columbia', 'postcode': 'V3A 3Y6', 'country': 'Canada', 'country_code': 'ca'}",restaurant,Langley,49.10476110000001,-122.6609055,Pizza Factory,"{'brand:wikidata': 'Q39054369', 'addr:housenumber': '20285', 'level': '0', 'brand:wikipedia': 'en:Pizza Factory', 'cuisine': 'pizza', 'addr:street': '56 Avenue', 'addr:postcode': 'V3A 3Y6', 'brand': 'Pizza Factory', 'addr:city': 'Langley'}",2019-06-07T13:28:04.000-07:00
"{'amenity': 'Fresco Pizza & Wings', 'house_number': '20556', 'road': 'Fraser Highway', 'city': 'Langley', 'municipality': 'Langley Township', 'county': 'Metro Vancouver Regional District', 'state': 'British Columbia', 'postcode': 'V3A 4G2', 'country': 'Canada', 'country_code': 'ca'}",restaurant,Langley,49.10488220000001,-122.65180890000002,Fresco Pizza & Wings,"{'cuisine': 'pizza', 'addr:housenumber': '20556', 'addr:street': 'Fraser Highway', 'phone': '+1-604-533-1111', 'addr:city': 'Langley'}",2019-09-13T13:56:49.000-07:00
"{'amenity': 'Roadrunner Restaurant', 'house_number': '20475', 'road': '62 Avenue', 'city': 'Langley', 'municipality': 'Langley Township', 'county': 'Metro Vancouver Regional District', 'state': 'British Columbia', 'postcode': 'V3A 5E6', 'country': 'Canada', 'country_code': 'ca'}",restaurant,Langley,49.1152735,-122.6555155,Roadrunner Restaurant,"{'addr:housenumber': '20475', 'addr:street': '62 Avenue', 'addr:city': 'Langley Township'}",2019-09-13T13:57:04.000-07:00
"{'amenity': 'Cora', 'house_number': '20670', 'road': 'Langley Bypass', 'city': 'Langley', 'municipality': 'Langley Township', 'county': 'Metro Vancouver Regional District', 'state': 'British Columbia', 'postcode': 'V3A 0A3', 'country': 'Canada', 'country_code': 'ca'}",restaurant,Langley,49.112115700000004,-122.6506343,Cora,"{'brand:wikidata': 'Q2996960', 'addr:housenumber': '20670', 'brand:wikipedia': 'en:Cora (restaurant)', 'cuisine': 'breakfast', 'addr:street': 'Langley Bypass', 'brand': 'Cora', 'addr:unit': 'C104', 'addr:city': 'Langley'}",2019-12-03T05:25:30.000-08:00
"{'amenity': 'IHOP', 'house_number': '19700', 'road': 'Langley Bypass', 'city': 'Langley', 'municipality': 'Langley Township', 'county': 'Metro Vancouver Regional District', 'state': 'British Columbia', 'postcode': 'V3S 7H1', 'country': 'Canada', 'country_code': 'ca'}",restaurant,Langley,49.109716299999995,-122.67890179999999,IHOP,"{'brand:wikidata': 'Q1185675', 'addr:housenumber': '19700', 'brand:wikipedia': 'en:IHOP', 'cuisine': 'breakfast;pancake', 'addr:street': 'Langley Bypass', 'brand': 'IHOP', 'addr:city': 'Langley'}",2019-09-13T13:57:04.000-07:00
"{'amenity': ""Wong's Chinese Seafood Restaurant"", 'house_number': '20349', 'road': 'Fraser Highway', 'city': 'Langley', 'municipality': 'Langley Township', 'county': 'Metro Vancouver Regional District', 'state': 'British Columbia', 'postcode': 'V3A 7N2', 'country': 'Canada', 'country_code': 'ca'}",restaurant,Langley,49.1052465,-122.6584091,Wong's Chinese Seafood Restaurant,"{'cuisine': 'chinese', 'addr:housenumber': '20349', 'addr:street': 'Fraser Highway', 'addr:city': 'Langley'}",2019-09-13T13:57:07.000-07:00
"{'amenity': ""Brogan's Diner"", 'house_number': '20555', 'road': '56 Avenue', 'city': 'Langley', 'municipality': 'Langley Township', 'county': 'Metro Vancouver Regional District', 'state': 'British Columbia', 'postcode': 'V3A 3Y9', 'country': 'Canada', 'country_code': 'ca'}",restaurant,Langley,49.1050059,-122.6520341,Brogan's Diner,"{'addr:housenumber': '20555', 'addr:street': '56 Avenue', 'addr:city': 'Langley'}",2019-09-13T13:57:07.000-07:00
"{'amenity': 'Pho Tau Bay', 'house_number': '5790', 'road': '203 Street', 'city': 'Langley', 'municipality': 'Langley Township', 'county': 'Metro Vancouver Regional District', 'state': 'British Columbia', 'postcode': 'V3A 9L9', 'country': 'Canada', 'country_code': 'ca'}",restaurant,Langley,49.1078659,-122.6596014,Pho Tau Bay,"{'cuisine': 'vietnamese', 'addr:housenumber': '5790', 'addr:street': '203 Street', 'addr:city': 'Langley'}",2019-09-13T13:57:07.000-07:00
"{'amenity': 'Emilio Finatti Pizzeria', 'house_number': '20125', 'road': 'Fraser Highway', 'city': 'Langley', 'municipality': 'Langley Township', 'county': 'Metro Vancouver Regional District', 'state': 'British Columbia', 'postcode': 'V3A 4E6', 'country': 'Canada', 'country_code': 'ca'}",restaurant,Langley,49.107569700000006,-122.66522069999999,Emilio Finatti Pizzeria,"{'cuisine': 'pizza', 'addr:housenumber': '20125', 'addr:street': 'Fraser Highway', 'addr:city': 'Langley'}",2019-09-13T13:57:07.000-07:00
"{'amenity': 'Jerusalem Grill', 'road': 'Landmark Way', 'city': 'Langley', 'municipality': 'Langley Township', 'county': 'Metro Vancouver Regional District', 'state': 'British Columbia', 'postcode': 'V3A 4E1', 'country': 'Canada', 'country_code': 'ca'}",restaurant,Langley,49.1104583,-122.67675030000001,Jerusalem Grill,"{'phone': '+1-604-427-1550', 'cuisine': 'mediterranean'}",2018-06-20T15:13:37.000-07:00
"{'amenity': 'Pho 777 Vietnamese Restaurant', 'house_number': '20598', 'road': 'Fraser Highway', 'city': 'Langley', 'municipality': 'Langley Township', 'county': 'Metro Vancouver Regional District', 'state': 'British Columbia', 'postcode': 'V3A 4B8', 'country': 'Canada', 'country_code': 'ca'}",restaurant,Langley,49.1035063,-122.6516175,Pho 777 Vietnamese Restaurant,"{'cuisine': 'vietnamese', 'addr:housenumber': '20598', 'addr:street': 'Fraser Highway', 'addr:city': 'Langley'}",2020-02-03T00:51:41.000-08:00
"{'amenity': 'RIB & CHICKEN', 'house_number': '103-5568', 'road': '206 Street', 'city': 'Langley', 'municipality': 'Langley Township', 'county': 'Metro Vancouver Regional District', 'state': 'British Columbia', 'postcode': 'V3A 7R3', 'country': 'Canada', 'country_code': 'ca'}",restaurant,Langley,49.1043473,-122.65053449999999,RIB & CHICKEN,"{'addr:housenumber': '103-5568', 'addr:street': '206 Street', 'addr:city': 'Langley'}",2019-09-13T13:57:03.000-07:00
"{'amenity': 'Maru Japanese Restaurant', 'house_number': '105-20631', 'road': 'Fraser Highway', 'city': 'Langley', 'municipality': 'Langley Township', 'county': 'Metro Vancouver Regional District', 'state': 'British Columbia', 'postcode': 'V3A 4G7', 'country': 'Canada', 'country_code': 'ca'}",restaurant,Langley,49.10370770000001,-122.6502847,Maru Japanese Restaurant,"{'addr:housenumber': '105-20631', 'addr:street': 'Fraser Highway', 'addr:city': 'Langley'}",2019-09-13T13:57:03.000-07:00
"{'amenity': 'Venetis Restaurant', 'house_number': '20511', 'road': 'Douglas Crescent', 'city': 'Langley', 'municipality': 'Langley Township', 'county': 'Metro Vancouver Regional District', 'state': 'British Columbia', 'postcode': 'V3A 4B6', 'country': 'Canada', 'country_code': 'ca'}",restaurant,Langley,49.1034035,-122.65381809999998,Venetis Restaurant,"{'addr:housenumber': '20511', 'addr:street': 'Douglas Crescent', 'addr:city': 'Langley'}",2019-09-13T13:57:03.000-07:00
"{'amenity': 'Naka Bistro Lao & Thai Cuisine', 'house_number': '20055', 'road': 'Fraser Highway', 'city': 'Langley', 'municipality': 'Langley Township', 'county': 'Metro Vancouver Regional District', 'state': 'British Columbia', 'postcode': 'V3A 4E6', 'country': 'Canada', 'country_code': 'ca'}",restaurant,Langley,49.10847310000001,-122.66707140000001,Naka Bistro Lao & Thai Cuisine,"{'cuisine': 'thai', 'addr:housenumber': '20055', 'addr:street': 'Fraser Highway', 'addr:city': 'Langley'}",2019-09-13T13:57:03.000-07:00
"{'shop': 'M.E. Plaza', 'road': 'Fraser Highway', 'city': 'Langley', 'municipality': 'Langley Township', 'county': 'Metro Vancouver Regional District', 'state': 'British Columbia', 'postcode': 'V3A 4E6', 'country': 'Canada', 'country_code': 'ca'}",restaurant,Langley,49.10594129999999,-122.66249609999998,NY's Indian Grill & Bar,"{'addr:housenumber': '20204', 'website': 'https://nyindiangrill.com', 'level': '0', 'name:en': ""NY's Indian Grill & Bar"", 'addr:street': 'Fraser Highway', 'addr:postcode': 'V3A 4E6'}",2019-05-07T12:42:52.000-07:00
"{'amenity': ""Chef's Kitchen"", 'house_number': '5499', 'road': '203 Street', 'city': 'Langley', 'municipality': 'Langley Township', 'county': 'Metro Vancouver Regional District', 'state': 'British Columbia', 'postcode': 'V3A 5N8', 'country': 'Canada', 'country_code': 'ca'}",restaurant,Langley,49.1024107,-122.6599622,Chef's Kitchen,{'cuisine': 'thai'},2014-12-28T18:12:28.000-08:00
"{'amenity': 'Silver Dragon Restaurant', 'road': '56 Avenue', 'city': 'Langley', 'municipality': 'Langley Township', 'county': 'Metro Vancouver Regional District', 'state': 'British Columbia', 'postcode': 'V3A 3Y6', 'country': 'Canada', 'country_code': 'ca'}",restaurant,Langley,49.1039972,-122.6614314,Silver Dragon Restaurant,"{'cuisine': 'chinese', 'outdoor_seating': 'no', 'takeaway': 'yes', 'smoking': 'no'}",2019-10-27T23:44:35.000-07:00
"{'amenity': ""Jim's Pizzeria"", 'house_number': '20199', 'road': '56 Avenue', 'city': 'Langley', 'municipality': 'Langley Township', 'county': 'Metro Vancouver Regional District', 'state': 'British Columbia', 'postcode': 'V3A 3Y6', 'country': 'Canada', 'country_code': 'ca'}",restaurant,Langley,49.10446870000001,-122.66304860000001,Jim's Pizzeria,"{'addr:housenumber': '20199', 'level': '0', 'cuisine': 'pizza', 'addr:street': '56 Avenue', 'addr:postcode': 'V3A 3Y6', 'addr:city': 'Langley'}",2015-06-11T12:08:37.000-07:00
"{'amenity': 'Masala India Bistro', 'house_number': '20345', 'road': 'Fraser Highway', 'city': 'Langley', 'municipality': 'Langley Township', 'county': 'Metro Vancouver Regional District', 'state': 'British Columbia', 'postcode': 'V3A 7N2', 'country': 'Canada', 'country_code': 'ca'}",restaurant,Langley,49.10529879999999,-122.6586384,Masala India Bistro,"{'cuisine': 'indian', 'addr:housenumber': '20345', 'addr:street': 'Fraser Highway', 'addr:city': 'Langley'}",2019-09-04T03:48:48.000-07:00
"{'amenity': 'Ban Chok Dee', 'house_number': '20563', 'road': 'Douglas Crescent', 'city': 'Langley', 'municipality': 'Langley Township', 'county': 'Metro Vancouver Regional District', 'state': 'British Columbia', 'postcode': 'V3A 4B6', 'country': 'Canada', 'country_code': 'ca'}",restaurant,Langley,49.1030203,-122.652826,Ban Chok Dee,"{'addr:housenumber': '20563', 'website': 'http://www.banchokdee.com/', 'phone': '+1-778-278-3088', 'opening_hours': 'Mo-Su 11:00-15:00, 16:30-21:00', 'cuisine': 'thai', 'name:en': 'Ban Chok Dee', 'addr:street': 'Douglas Crescent'}",2019-12-15T03:09:11.000-08:00
"{'amenity': 'Langley Vietnamese Cuisine', 'house_number': '5521', 'road': '203 Street', 'city': 'Langley', 'municipality': 'Langley Township', 'county': 'Metro Vancouver Regional District', 'state': 'British Columbia', 'postcode': 'V3A 5N8', 'country': 'Canada', 'country_code': 'ca'}",restaurant,Langley,49.102212200000004,-122.660072,Langley Vietnamese Cuisine,"{'addr:housenumber': '5521', 'website': 'https://m.facebook.com/LangleyVietnameseCuisine/', 'phone': '+1-604-532-7767', 'cuisine': 'vietnamese', 'name:en': 'Langley Vietnamese Cuisine', 'addr:street': '203 Street'}",2017-05-01T04:08:44.000-07:00
"{'amenity': 'Sehmi', 'road': 'Industrial Avenue', 'city': 'Langley', 'municipality': 'Langley Township', 'county': 'Metro Vancouver Regional District', 'state': 'British Columbia', 'postcode': 'V3A 9L9', 'country': 'Canada', 'country_code': 'ca'}",restaurant,Langley,49.1066722,-122.6617669,Sehmi,{'cuisine': 'japanese'},2019-10-06T22:29:19.000-07:00
